current_time,indexers_created,indexers_malign,indexers_banned,indexers_banned_malign,inferred_truth,avg_rep_benign,avg_rep_malign,mode,fail_counter,consolidated_result
2025-06-04 12:09:35.277731489+00:00,14,0,0,0,29.50340038463293,0.17259811580472567,0.0,zonia,0,False
2025-06-04 12:15:53.790851489+00:00,14,0,0,0,29.675187453678625,0.31362887232861236,0.0,zonia,0,False
2025-06-04 12:19:01.046169489+00:00,14,0,0,0,29.892225223851142,0.43047616357410456,0.0,zonia,0,False
2025-06-04 12:29:34.793320489+00:00,14,0,0,0,30.38080934129534,0.5219156220534029,0.0,zonia,0,False
2025-06-04 12:29:46.822205489+00:00,14,0,0,0,30.43480939986183,0.6053552757468271,0.0,zonia,0,False
2025-06-04 12:49:32.162589489+00:00,14,0,0,0,30.49541007166546,0.642624362436268,0.0,zonia,0,False
2025-06-04 12:50:04.206074489+00:00,14,0,0,0,30.337307077092472,0.6646748553620936,0.0,zonia,0,False
2025-06-04 12:58:27.986589489+00:00,14,0,0,0,30.502596881881804,0.7244272573113963,0.0,zonia,0,False
2025-06-04 13:08:25.713116489+00:00,14,0,0,0,30.568398333401937,0.7974342757449339,0.0,zonia,0,False
2025-06-04 13:20:55.002939489+00:00,14,0,0,0,30.85672934099266,0.8482491130713588,0.0,zonia,0,False
2025-06-04 13:36:05.199880489+00:00,14,0,0,0,30.856356707036067,0.8666271285864396,0.0,zonia,0,False
2025-06-04 13:49:31.658492489+00:00,14,0,0,0,30.804635096381702,0.8755754930402417,0.0,zonia,0,False
2025-06-04 14:01:03.979961489+00:00,14,0,0,0,30.770007101527614,0.8912400520806454,0.0,zonia,0,False
2025-06-04 14:09:09.173660489+00:00,14,0,0,0,30.10175103434895,0.9002670104692766,0.0,zonia,0,False
2025-06-04 14:12:41.565722489+00:00,14,0,0,0,29.777898829061506,0.9153048060551151,0.0,zonia,0,False
2025-06-04 14:15:39.850037489+00:00,14,0,0,0,29.296592783495992,0.9264499740543644,0.0,zonia,0,False
2025-06-04 14:19:40.763954489+00:00,14,0,0,0,29.29633539179007,0.9380475010237673,0.0,zonia,0,False
2025-06-04 14:53:30.836673489+00:00,14,0,0,0,29.95470954176638,0.9361697908550732,0.0,zonia,0,False
2025-06-04 14:56:19.671164489+00:00,14,0,0,0,30.63001587678507,0.9431713290610554,0.0,zonia,0,False
2025-06-04 14:56:48.813841489+00:00,14,0,0,0,30.199439821393966,0.9467178163205875,0.0,zonia,0,False
2025-06-04 15:22:50.170871489+00:00,14,0,0,0,29.70205753579757,0.950234617000298,0.0,zonia,0,False
2025-06-04 15:28:48.035264489+00:00,14,0,0,0,29.980943403377253,0.9523416015633364,0.0,zonia,0,False
2025-06-04 15:29:28.572201489+00:00,14,0,0,0,29.5975412060972,0.9556348176318273,0.0,zonia,0,False
2025-06-04 15:29:38.119635489+00:00,14,0,0,0,29.789187752001045,0.9561865638132648,0.0,zonia,0,False
2025-06-04 16:07:53.121543489+00:00,14,0,0,0,29.23317126850499,0.9579520679531324,0.0,zonia,0,False
2025-06-04 16:17:12.974788489+00:00,14,0,0,0,29.021134984563997,0.9597089336431639,0.0,zonia,0,False
2025-06-04 16:20:48.610653489+00:00,14,0,0,0,29.031682826158328,0.9625632032633016,0.0,zonia,0,False
2025-06-04 16:25:29.788889489+00:00,14,0,0,0,28.867609693793575,0.96111892041897,0.0,zonia,0,False
2025-06-04 16:35:24.473134489+00:00,14,0,0,0,29.10506881810592,0.9613384542450197,0.0,zonia,0,False
2025-06-04 16:39:26.859635489+00:00,14,0,0,0,29.290653287915497,0.961790295501599,0.0,zonia,0,False
2025-06-04 16:39:55.767939489+00:00,14,0,0,0,29.15774631358551,0.9607729581169101,0.0,zonia,0,False
2025-06-04 16:41:11.362357489+00:00,14,0,0,0,29.035797217666026,0.9652011023933923,0.0,zonia,0,False
2025-06-04 17:08:45.259821489+00:00,14,0,0,0,28.12543231113102,0.9664433010583645,0.0,zonia,0,False
2025-06-04 17:16:47.360789489+00:00,14,0,0,0,27.617624850638855,0.9742604711690724,0.0,zonia,0,False
2025-06-04 17:17:13.097130489+00:00,14,0,0,0,27.940894404001558,0.9794683205586289,0.0,zonia,0,False
2025-06-04 17:24:51.173350489+00:00,14,0,0,0,27.27455057801356,0.9796350345102308,0.0,zonia,0,False
2025-06-04 18:04:57.897885489+00:00,14,0,0,0,25.692146334226813,0.979303695173275,0.0,zonia,0,False
2025-06-04 18:10:31.194319489+00:00,14,0,0,0,25.562046008761378,0.9789338435577273,0.0,zonia,0,False
2025-06-04 18:18:28.080912489+00:00,14,0,0,0,25.552569104790052,0.9801440435093328,0.0,zonia,0,False
2025-06-04 18:22:55.810301489+00:00,14,0,0,0,25.28319407217873,0.9797516899105118,0.0,zonia,0,False
2025-06-04 18:32:58.943816489+00:00,14,0,0,0,25.014945965810238,0.9787197161301047,0.0,zonia,0,False
2025-06-04 18:34:07.098342489+00:00,14,0,0,0,25.731419590945393,0.9797829470795663,0.0,zonia,0,False
2025-06-04 18:36:26.569894489+00:00,14,0,0,0,25.260105497852354,0.9739701795267617,0.0,zonia,0,False
2025-06-04 18:43:00.870354489+00:00,14,0,0,0,25.568611493920045,0.9733787595784608,0.0,zonia,0,False
2025-06-04 18:49:35.124977489+00:00,14,0,0,0,24.972954471458202,0.973620772056268,0.0,zonia,0,False
2025-06-04 18:51:31.747511489+00:00,14,0,0,0,25.21393414248983,0.9763251933072638,0.0,zonia,0,False
2025-06-04 18:55:42.673171489+00:00,14,0,0,0,24.65844672852026,0.9770625862234876,0.0,zonia,0,False
2025-06-04 19:09:52.420063489+00:00,14,0,0,0,22.92582190159933,0.9665560633122302,0.0,zonia,0,False
2025-06-04 19:15:10.426532489+00:00,14,0,0,0,22.61805441969832,0.96871386333561,0.0,zonia,0,False
2025-06-04 19:16:33.059915489+00:00,14,0,0,0,22.33869169200216,0.9691097778016485,0.0,zonia,0,False
2025-06-04 19:32:07.248047489+00:00,14,0,0,0,22.5136619005611,0.9567913574590117,0.0,zonia,0,False
2025-06-04 19:37:25.582027489+00:00,14,0,0,0,22.55440871611521,0.9553973338483096,0.0,zonia,0,False
2025-06-04 19:40:56.134939489+00:00,14,0,0,0,22.347119679387287,0.9601298340819235,0.0,zonia,0,False
2025-06-04 19:41:43.291915489+00:00,14,0,0,0,22.58120936694578,0.9618984200530563,0.0,zonia,0,False
2025-06-04 19:44:42.794498489+00:00,14,0,0,0,22.38570139983449,0.9632552427129156,0.0,zonia,0,False
2025-06-04 20:03:53.608928489+00:00,14,0,0,0,22.170841626348718,0.9638141254647022,0.0,zonia,0,False
2025-06-04 20:12:08.362347489+00:00,14,0,0,0,22.173667347234144,0.964013662249042,0.0,zonia,0,False
2025-06-04 20:54:06.608877489+00:00,14,0,0,0,21.697007352904876,0.9739536313493872,0.0,zonia,0,False
2025-06-04 20:56:52.067075489+00:00,14,0,0,0,21.35146348816478,0.9779164113206712,0.0,zonia,0,False
2025-06-04 21:06:02.960234489+00:00,14,0,0,0,21.25251165253212,0.9804427781734228,0.0,zonia,0,False
2025-06-04 21:22:33.368914489+00:00,14,0,0,0,20.641563890067047,0.9780597382868965,0.0,zonia,0,False
2025-06-04 21:23:56.233671489+00:00,14,0,0,0,20.862526324791432,0.973262477613836,0.0,zonia,0,False
2025-06-04 22:02:36.387361489+00:00,14,0,0,0,20.322056098274153,0.9779155383181118,0.0,zonia,0,False
2025-06-04 22:31:55.482582489+00:00,14,0,0,0,20.159725137479107,0.9802666439976563,0.0,zonia,0,False
2025-06-04 22:49:59.211792489+00:00,14,0,0,0,19.440973832620486,0.981268593817343,0.0,zonia,0,False
2025-06-04 22:51:57.907955489+00:00,14,0,0,0,20.03983761093617,0.9845885324388369,0.0,zonia,0,False
2025-06-04 22:57:37.340993489+00:00,14,0,0,0,19.45287042841144,0.984084533371756,0.0,zonia,0,False
2025-06-05 00:22:07.832042489+00:00,14,0,0,0,19.58276009833817,0.980377478693118,0.0,zonia,0,False
2025-06-05 00:58:02.430003489+00:00,14,0,0,0,19.28075401523857,0.975830818911836,0.0,zonia,0,False
2025-06-05 01:11:22.175430489+00:00,14,0,0,0,19.84425325164116,0.9740915055768059,0.0,zonia,0,False
2025-06-05 01:11:26.486178489+00:00,14,0,0,0,19.34522193978908,0.9700736717458197,0.0,zonia,0,False
2025-06-05 01:57:36.657189489+00:00,14,0,0,0,18.964627349119137,0.974486191666273,0.0,zonia,0,False
2025-06-05 02:47:24.667694489+00:00,14,0,0,0,17.155689988821923,0.9684661328761968,0.0,zonia,0,False
2025-06-05 02:56:12.420153489+00:00,14,0,0,0,16.87532909825961,0.9571028391185511,0.0,zonia,0,False
2025-06-05 03:04:31.109111489+00:00,14,0,0,0,17.46528328149423,0.9565282231588442,0.0,zonia,0,False
2025-06-05 03:19:40.565274489+00:00,14,0,0,0,17.911078928130546,0.9501050507759414,0.0,zonia,0,False
2025-06-05 03:42:40.763748489+00:00,14,0,0,0,15.990868948053775,0.9546907966907358,0.0,zonia,0,False
2025-06-05 03:44:40.954351489+00:00,14,0,0,0,16.771550408251265,0.9458943313127903,0.0,zonia,0,False
2025-06-05 04:17:31.420203489+00:00,14,0,0,0,17.08379014598949,0.9479908492576188,0.0,zonia,0,False
2025-06-05 04:26:24.454922489+00:00,14,0,0,0,16.577364495830526,0.951749509525459,0.0,zonia,0,False
2025-06-05 04:32:36.651224489+00:00,14,0,0,0,16.770698371311035,0.9555789308950355,0.0,zonia,0,False
2025-06-05 04:35:40.487250489+00:00,14,0,0,0,17.303837135697066,0.9632713503619951,0.0,zonia,0,False
2025-06-05 04:48:18.950390489+00:00,14,0,0,0,18.11264399657226,0.9697807915375656,0.0,zonia,0,False
2025-06-05 05:07:06.338293489+00:00,14,0,0,0,19.517383479714802,0.9712567113285756,0.0,zonia,0,False
2025-06-05 05:50:42.682138489+00:00,14,0,0,0,20.760488532519876,0.9759481710607544,0.0,zonia,0,False
2025-06-05 05:55:43.786262489+00:00,14,0,0,0,21.82959264259777,0.9698270569568379,0.0,zonia,0,False
2025-06-05 05:59:10.099898489+00:00,14,0,0,0,21.04831929579638,0.9717937866579734,0.0,zonia,0,False
2025-06-05 06:00:18.753901489+00:00,14,0,0,0,21.680191760706208,0.9722953879297328,0.0,zonia,0,False
2025-06-05 06:01:37.213776489+00:00,14,0,0,0,21.668241769586736,0.9741876818712372,0.0,zonia,0,False
2025-06-05 06:02:26.945211489+00:00,14,0,0,0,21.4535726380281,0.9744678907068082,0.0,zonia,0,False
2025-06-05 06:14:28.259403489+00:00,14,0,0,0,21.723747210963804,0.9756652713176006,0.0,zonia,0,False
2025-06-05 06:24:45.122435489+00:00,14,0,0,0,21.85351303731512,0.9751387786906616,0.0,zonia,0,False
2025-06-05 06:41:38.157221489+00:00,14,0,0,0,22.336499329382935,0.9702112242000107,0.0,zonia,0,False
2025-06-05 07:03:47.956328489+00:00,14,0,0,0,22.97023126747827,0.9513059579867946,0.0,zonia,0,False
2025-06-05 07:05:31.819992489+00:00,14,0,0,0,23.757402781934854,0.9372301575939278,0.0,zonia,0,False
2025-06-05 07:19:56.890418489+00:00,14,0,0,0,25.012961813310483,0.9491778168941484,0.0,zonia,0,False
2025-06-05 07:29:25.892952489+00:00,14,0,0,0,25.197668683729702,0.9484803576648007,0.0,zonia,0,False
2025-06-05 08:01:24.222939489+00:00,14,0,0,0,25.987315990474123,0.9523826453232972,0.0,zonia,0,False
2025-06-05 08:12:12.120636489+00:00,14,0,0,0,25.841844298711216,0.9597011350136674,0.0,zonia,0,False
2025-06-05 08:16:30.636823489+00:00,14,0,0,0,25.933963895783826,0.9644066425020401,0.0,zonia,0,False
2025-06-05 08:18:55.860354489+00:00,14,0,0,0,25.727190650980646,0.9678985277922737,0.0,zonia,0,False
2025-06-05 08:45:32.316405489+00:00,14,0,0,0,25.373766182472014,0.9765918695766672,0.0,zonia,0,False
2025-06-05 08:46:05.638735489+00:00,14,0,0,0,25.647793830543154,0.9749212663152097,0.0,zonia,0,False
2025-06-05 08:46:19.197165489+00:00,14,0,0,0,25.66058521212016,0.9737371819544062,0.0,zonia,0,False
2025-06-05 09:48:17.214101489+00:00,14,0,0,0,26.623818421675622,0.9759293586244789,0.0,zonia,0,False
2025-06-05 10:02:51.939440489+00:00,14,0,0,0,27.163027963394658,0.9757629937025732,0.0,zonia,0,False
2025-06-05 10:03:52.313553489+00:00,14,0,0,0,27.408446466963778,0.9765168004137709,0.0,zonia,0,False
2025-06-05 10:07:57.106332489+00:00,14,0,0,0,27.822832532597207,0.9768272801592823,0.0,zonia,0,False
2025-06-05 10:46:04.317660489+00:00,14,0,0,0,29.207902880187724,0.9721975818393097,0.0,zonia,0,False
2025-06-05 10:57:50.108187489+00:00,14,0,0,0,29.145497194804168,0.9710760401178999,0.0,zonia,0,False
2025-06-05 11:15:37.205874489+00:00,14,0,0,0,29.192724472883057,0.9696705471655533,0.0,zonia,0,False
2025-06-05 11:27:38.358726489+00:00,14,0,0,0,29.074921755246898,0.9746124829752387,0.0,zonia,0,False
2025-06-05 11:30:12.214379489+00:00,14,0,0,0,29.01446478623232,0.9756486096515964,0.0,zonia,0,False
2025-06-05 11:49:30.140317489+00:00,14,0,0,0,29.75003513649469,0.9771748785937612,0.0,zonia,0,False
2025-06-05 12:25:20.815712489+00:00,14,0,0,0,29.754108082469788,0.9798688371909874,0.0,zonia,0,False
2025-06-05 12:27:26.743116489+00:00,14,0,0,0,29.831830437843507,0.9786346946571794,0.0,zonia,0,False
2025-06-05 12:33:40.812380489+00:00,14,0,0,0,29.562468744648577,0.9794340723174187,0.0,zonia,0,False
2025-06-05 12:40:43.156518489+00:00,14,0,0,0,30.08449716208356,0.9122844795208815,0.0,zonia,0,False
2025-06-05 12:43:36.945006489+00:00,14,0,0,0,29.680336672533958,0.9113750690034375,0.0,zonia,0,False
2025-06-05 12:45:30.929465489+00:00,14,0,0,0,29.62474864663075,0.8700968795596358,0.0,zonia,0,False
2025-06-05 12:49:16.782756489+00:00,14,0,0,0,30.072993914054415,0.8428690693427209,0.0,zonia,0,False
2025-06-05 13:52:33.257519489+00:00,14,0,0,0,28.636326333741046,0.8398132948952789,0.0,zonia,0,False
2025-06-05 14:03:13.950731489+00:00,14,0,0,0,28.75258230357353,0.8367026387306101,0.0,zonia,0,False
2025-06-05 14:39:46.902493489+00:00,14,0,0,0,29.826501084667097,0.8409806814083954,0.0,zonia,0,False
2025-06-05 15:32:44.246933489+00:00,14,0,0,0,29.545135275776516,0.8451014737844521,0.0,zonia,0,False
2025-06-05 16:15:57.885083489+00:00,14,0,0,0,28.935273111178663,0.8616542614632962,0.0,zonia,0,False
2025-06-05 16:39:42.301346489+00:00,14,0,0,0,28.45696517143532,0.8959191699348302,0.0,zonia,0,False
2025-06-05 16:42:41.777964489+00:00,14,0,0,0,28.435613341078202,0.8971214887311441,0.0,zonia,0,False
2025-06-05 16:46:11.529665489+00:00,14,0,0,0,28.079191451716774,0.9156835809173686,0.0,zonia,0,False
2025-06-05 17:05:05.806608489+00:00,14,0,0,0,27.513377403699675,0.9193740679057767,0.0,zonia,0,False
2025-06-05 17:33:21.462100489+00:00,14,0,0,0,26.867584549731337,0.9270404998393085,0.0,zonia,0,False
2025-06-05 17:46:14.322746489+00:00,14,0,0,0,26.62430411712371,0.9277704530736475,0.0,zonia,0,False
2025-06-05 17:48:45.853544489+00:00,14,0,0,0,26.504994977835835,0.9319683806098162,0.0,zonia,0,False
2025-06-05 18:27:06.253151489+00:00,14,0,0,0,25.1248046942891,0.9471824279146993,0.0,zonia,0,False
2025-06-05 19:15:31.937185489+00:00,14,0,0,0,23.084702616040026,0.9538457493926832,0.0,zonia,0,False
2025-06-05 19:25:09.859176489+00:00,14,0,0,0,22.892519735132883,0.9584476907379624,0.0,zonia,0,False
2025-06-05 19:26:04.643564489+00:00,14,0,0,0,23.454190863014265,0.9595208165964312,0.0,zonia,0,False
2025-06-05 19:28:26.417554489+00:00,14,0,0,0,22.820736635728927,0.9585743667760787,0.0,zonia,0,False
2025-06-05 19:59:02.556922489+00:00,14,0,0,0,22.785225754084315,0.955884069201946,0.0,zonia,0,False
2025-06-05 20:02:18.441660489+00:00,14,0,0,0,22.891532173944668,0.9612327659986245,0.0,zonia,0,False
2025-06-05 20:16:51.239090489+00:00,14,0,0,0,22.31624692436122,0.9623461628222968,0.0,zonia,0,False
2025-06-05 20:24:53.130149489+00:00,14,0,0,0,21.839351280490654,0.9643277286610914,0.0,zonia,0,False
2025-06-05 20:32:15.141769489+00:00,14,0,0,0,22.425171784224705,0.9648469492826973,0.0,zonia,0,False
2025-06-05 20:34:54.952781489+00:00,14,0,0,0,21.13589511808941,0.9595797507092364,0.0,zonia,0,False
2025-06-05 20:52:01.209480489+00:00,14,0,0,0,21.70846486197482,0.9552302017912456,0.0,zonia,0,False
2025-06-05 20:56:54.615921489+00:00,14,0,0,0,20.908431881307056,0.9411270642965938,0.0,zonia,0,False
2025-06-05 21:35:29.172001489+00:00,14,0,0,0,20.229597534520448,0.937905773904227,0.0,zonia,0,False
2025-06-05 22:01:59.185255489+00:00,14,0,0,0,19.950532143570936,0.9459133870461314,0.0,zonia,0,False
2025-06-05 22:08:47.023480489+00:00,14,0,0,0,19.56291579644301,0.9367100366878817,0.0,zonia,0,False
2025-06-05 22:12:43.306938489+00:00,14,0,0,0,18.977311222497963,0.9385360132032801,0.0,zonia,0,False
2025-06-05 22:14:36.666542489+00:00,14,0,0,0,19.39627248886043,0.9414722932823535,0.0,zonia,0,False
2025-06-05 22:18:32.407450489+00:00,14,0,0,0,19.246944338586378,0.9444042911628824,0.0,zonia,0,False
2025-06-05 23:00:02.161751489+00:00,14,0,0,0,18.346758155891504,0.9402877933388106,0.0,zonia,0,False
2025-06-05 23:03:20.665897489+00:00,14,0,0,0,18.434488482125293,0.9384961439366443,0.0,zonia,0,False
2025-06-05 23:16:47.591526489+00:00,14,0,0,0,17.75440368417342,0.9459212236273592,0.0,zonia,0,False
2025-06-05 23:22:55.417066489+00:00,14,0,0,0,17.731947783720333,0.9461006721766818,0.0,zonia,0,False
2025-06-05 23:34:06.412725489+00:00,14,0,0,0,17.297374761791268,0.9436206422207846,0.0,zonia,0,False
2025-06-05 23:57:19.337048489+00:00,14,0,0,0,17.49286748022594,0.94544030341193,0.0,zonia,0,False
2025-06-06 00:54:02.077444489+00:00,14,0,0,0,16.739075772069437,0.9537646543388034,0.0,zonia,0,False
2025-06-06 01:02:56.479301489+00:00,14,0,0,0,16.406371355476217,0.9599725269667726,0.0,zonia,0,False
2025-06-06 01:14:24.440588489+00:00,14,0,0,0,16.68620873328299,0.9591767815838835,0.0,zonia,0,False
2025-06-06 02:05:38.932093489+00:00,14,0,0,0,15.950972019957817,0.9606861070957119,0.0,zonia,0,False
2025-06-06 02:29:15.037151489+00:00,14,0,0,0,15.60083602367634,0.9653276633278975,0.0,zonia,0,False
2025-06-06 02:53:33.883347489+00:00,14,0,0,0,15.669186120254738,0.9675851837916376,0.0,zonia,0,False
2025-06-06 03:02:43.674755489+00:00,14,0,0,0,15.179502067752578,0.9696132503599338,0.0,zonia,0,False
2025-06-06 03:04:26.138408489+00:00,14,0,0,0,15.745419902908516,0.9723710987282127,0.0,zonia,0,False
2025-06-06 03:28:08.760972489+00:00,14,0,0,0,15.626053879601312,0.9697576055036136,0.0,zonia,0,False
2025-06-06 03:47:18.640231489+00:00,14,0,0,0,14.9880191249583,0.9707731982116276,0.0,zonia,0,False
2025-06-06 04:01:44.230033489+00:00,14,0,0,0,15.418454464972225,0.9701797687080737,0.0,zonia,0,False
2025-06-06 04:03:56.677189489+00:00,14,0,0,0,16.071716759317148,0.9705033629403085,0.0,zonia,0,False
2025-06-06 04:23:03.981142489+00:00,14,0,0,0,16.467391618937118,0.9744426724472394,0.0,zonia,0,False
2025-06-06 04:31:19.665000489+00:00,14,0,0,0,17.018598368420523,0.9721047106379489,0.0,zonia,0,False
2025-06-06 04:33:52.502029489+00:00,14,0,0,0,16.897739447033572,0.9740299190713655,0.0,zonia,0,False
2025-06-06 04:41:46.603407489+00:00,14,0,0,0,17.688304040943834,0.974208623620487,0.0,zonia,0,False
2025-06-06 05:10:07.738214489+00:00,14,0,0,0,19.92995651420027,0.9752129533660342,0.0,zonia,0,False
2025-06-06 05:36:37.212462489+00:00,14,0,0,0,21.834567295134676,0.9738583326575958,0.0,zonia,0,False
2025-06-06 06:14:06.165108489+00:00,14,0,0,0,23.674419320425212,0.9719535560918274,0.0,zonia,0,False
2025-06-06 06:41:50.369502489+00:00,14,0,0,0,24.55561099205565,0.9474018541773827,0.0,zonia,0,False
2025-06-06 07:09:51.623939489+00:00,14,0,0,0,25.489625938348812,0.9300635541299932,0.0,zonia,0,False
2025-06-06 07:19:16.431334489+00:00,14,0,0,0,25.611561670597574,0.9143461417534933,0.0,zonia,0,False
2025-06-06 07:31:25.252361489+00:00,14,0,0,0,26.076466385987075,0.9008979115652282,0.0,zonia,0,False
2025-06-06 07:46:36.219190489+00:00,14,0,0,0,26.19444415706104,0.8971668723704677,0.0,zonia,0,False
2025-06-06 07:49:23.177163489+00:00,14,0,0,0,26.240053876810286,0.8976596146497735,0.0,zonia,0,False
2025-06-06 08:00:06.754126489+00:00,14,0,0,0,26.173665031610497,0.899079538358366,0.0,zonia,0,False
2025-06-06 08:04:12.883634489+00:00,14,0,0,0,26.638723225436987,0.8941722092598241,0.0,zonia,0,False
2025-06-06 08:29:55.423509489+00:00,14,0,0,0,27.067172386760074,0.8943990980856957,0.0,zonia,0,False
2025-06-06 08:32:56.904686489+00:00,14,0,0,0,27.374896746479596,0.8920983573444028,0.0,zonia,0,False
2025-06-06 08:48:13.651899489+00:00,14,0,0,0,27.190626847385488,0.8926466350360264,0.0,zonia,0,False
2025-06-06 08:53:47.286231489+00:00,14,0,0,0,27.70783227274442,0.8931378547685005,0.0,zonia,0,False
2025-06-06 09:42:46.087702489+00:00,14,0,0,0,28.613731167298724,0.8984543757624533,0.0,zonia,0,False
2025-06-06 10:19:47.257980489+00:00,14,0,0,0,29.515525016294667,0.9004196516793284,0.0,zonia,0,False
2025-06-06 10:31:12.334549489+00:00,14,0,0,0,29.088576083729606,0.8948915299869321,0.0,zonia,0,False
2025-06-06 10:38:51.082111489+00:00,14,0,0,0,28.16360771195383,0.8975541986541767,0.0,zonia,0,False
2025-06-06 10:49:19.428172489+00:00,14,0,0,0,28.435530142104437,0.8985726352498039,0.0,zonia,0,False
2025-06-06 10:53:25.219426489+00:00,14,0,0,0,28.494186750693153,0.905219878820791,0.0,zonia,0,False
2025-06-06 11:07:16.027210489+00:00,14,0,0,0,28.450062310855646,0.9086721200691669,0.0,zonia,0,False
2025-06-06 11:18:11.653379489+00:00,14,0,0,0,28.944785428590176,0.9156396405723556,0.0,zonia,0,False
2025-06-06 11:40:26.499819489+00:00,14,0,0,0,29.363040312101358,0.9152702988865793,0.0,zonia,0,False
2025-06-06 11:43:55.361187489+00:00,14,0,0,0,29.556452688098346,0.9130268188825964,0.0,zonia,0,False
2025-06-06 12:25:50.737769489+00:00,14,0,0,0,30.270133211707364,0.9268925002618983,0.0,zonia,0,False
2025-06-06 12:29:14.987755489+00:00,14,0,0,0,30.231748847825305,0.9490909402860643,0.0,zonia,0,False
2025-06-06 12:31:57.810002489+00:00,14,0,0,0,30.211147323552453,0.9588005276136599,0.0,zonia,0,False
2025-06-06 12:39:39.084418489+00:00,14,0,0,0,30.403824623341354,0.9588387841390434,0.0,zonia,0,False
2025-06-06 12:55:04.462015489+00:00,14,0,0,0,30.48959997053521,0.9654599110058666,0.0,zonia,0,False
2025-06-06 12:55:39.311381489+00:00,14,0,0,0,30.628700930282907,0.9566248664154365,0.0,zonia,0,False
2025-06-06 13:22:10.609210489+00:00,14,0,0,0,30.159295976641797,0.9565702090589684,0.0,zonia,0,False
2025-06-06 13:30:05.570141489+00:00,14,0,0,0,30.20271918685078,0.963297768545309,0.0,zonia,0,False
2025-06-06 13:39:04.080447489+00:00,14,0,0,0,29.651544805874515,0.9580973603682359,0.0,zonia,0,False
2025-06-06 14:20:24.431767489+00:00,14,0,0,0,30.682089469358313,0.9434453727447505,0.0,zonia,0,False
2025-06-06 14:26:37.752846489+00:00,14,0,0,0,30.29274589619955,0.941271848822223,0.0,zonia,0,False
2025-06-06 14:32:48.309027489+00:00,14,0,0,0,30.775000546024298,0.9366580975714075,0.0,zonia,0,False
2025-06-06 15:04:20.246338489+00:00,14,0,0,0,30.37922307609712,0.9484750523990285,0.0,zonia,0,False
2025-06-06 15:14:15.758462489+00:00,14,0,0,0,30.39688320246941,0.9469112443229974,0.0,zonia,0,False
2025-06-06 16:21:59.591322489+00:00,14,0,0,0,29.472702430320545,0.9532065206206498,0.0,zonia,0,False
2025-06-06 16:22:11.867866489+00:00,14,0,0,0,29.582661056828687,0.9553166876288489,0.0,zonia,0,False
2025-06-06 17:00:53.713569489+00:00,14,0,0,0,28.998846582190204,0.9594982779107385,0.0,zonia,0,False
2025-06-06 17:01:19.394463489+00:00,14,0,0,0,29.024274254592942,0.9633821581620216,0.0,zonia,0,False
2025-06-06 17:07:35.425966489+00:00,14,0,0,0,28.30967437748115,0.9728447910299544,0.0,zonia,0,False
2025-06-06 18:27:05.469135489+00:00,14,0,0,0,25.970632782234805,0.9706569758806732,0.0,zonia,0,False
2025-06-06 18:30:40.570355489+00:00,14,0,0,0,26.048993825426614,0.968192464493204,0.0,zonia,0,False
2025-06-06 18:38:42.789230489+00:00,14,0,0,0,25.027889909904925,0.969642578172006,0.0,zonia,0,False
2025-06-06 18:41:53.821353489+00:00,14,0,0,0,25.243446847848908,0.9701641830055474,0.0,zonia,0,False
2025-06-06 18:43:09.403195489+00:00,14,0,0,0,24.897476682423346,0.9726768395073327,0.0,zonia,0,False
2025-06-06 18:54:18.165989489+00:00,14,0,0,0,23.997977422012067,0.9717540459139096,0.0,zonia,0,False
2025-06-06 18:56:49.297280489+00:00,14,0,0,0,24.1184434493066,0.9694329655374635,0.0,zonia,0,False
2025-06-06 19:33:53.561418489+00:00,14,0,0,0,22.85542179889807,0.9620775316067024,0.0,zonia,0,False
2025-06-06 19:40:29.614446489+00:00,14,0,0,0,23.041406644994453,0.9622082128140397,0.0,zonia,0,False
2025-06-06 20:17:34.973288489+00:00,14,0,0,0,22.66942072048733,0.963698994184532,0.0,zonia,0,False
2025-06-06 20:55:24.574083489+00:00,14,0,0,0,21.631216947215165,0.9583857291932633,0.0,zonia,0,False
2025-06-06 21:08:53.482342489+00:00,14,0,0,0,21.237432105805116,0.9568816088666028,0.0,zonia,0,False
2025-06-06 21:30:19.071433489+00:00,14,0,0,0,20.953957117761185,0.960100256331241,0.0,zonia,0,False
2025-06-06 21:35:03.405908489+00:00,14,0,0,0,20.285012857428462,0.9605734380149104,0.0,zonia,0,False
2025-06-06 21:48:01.708408489+00:00,14,0,0,0,20.02153201166083,0.9520949881492555,0.0,zonia,0,False
2025-06-06 21:58:19.324169489+00:00,14,0,0,0,19.753897408120157,0.9536772276643595,0.0,zonia,0,False
2025-06-06 22:12:29.410831489+00:00,14,0,0,0,19.394092744349173,0.9543140300072915,0.0,zonia,0,False
2025-06-06 22:18:05.578560489+00:00,14,0,0,0,19.801545195679466,0.9547701223319943,0.0,zonia,0,False
2025-06-06 22:22:52.847491489+00:00,14,0,0,0,20.5034582788985,0.9552524864190143,0.0,zonia,0,False
2025-06-06 22:34:01.317081489+00:00,14,0,0,0,19.39384605624006,0.9491973670243078,0.0,zonia,0,False
2025-06-06 22:35:20.233851489+00:00,14,0,0,0,19.973941880785542,0.9454794757685379,0.0,zonia,0,False
2025-06-06 22:56:33.111811489+00:00,14,0,0,0,18.97025271969753,0.9490657303957393,0.0,zonia,0,False
2025-06-06 23:03:50.071183489+00:00,14,0,0,0,18.81266933819578,0.9490686582827611,0.0,zonia,0,False
2025-06-06 23:04:26.263308489+00:00,14,0,0,0,18.05753271053436,0.9327009169131747,0.0,zonia,0,False
2025-06-06 23:07:10.803140489+00:00,14,0,0,0,18.916654578753445,0.8808496673581736,0.0,zonia,0,False
2025-06-06 23:16:51.856216489+00:00,14,0,0,0,18.642902250859898,0.8899855240933913,0.0,zonia,0,False
2025-06-06 23:30:20.416856489+00:00,14,0,0,0,18.587924496069512,0.9312685846801895,0.0,zonia,0,False
2025-06-06 23:32:54.055228489+00:00,14,0,0,0,18.63272621033537,0.9223645330593018,0.0,zonia,0,False
2025-06-06 23:53:35.138845489+00:00,14,0,0,0,17.91055421567188,0.9244785159721322,0.0,zonia,0,False
2025-06-07 00:24:00.302651489+00:00,14,0,0,0,18.43851852521414,0.9062964038326553,0.0,zonia,0,False
2025-06-07 00:29:55.777525489+00:00,14,0,0,0,18.07966300717658,0.8985196247265922,0.0,zonia,0,False
2025-06-07 00:30:40.954517489+00:00,14,0,0,0,17.4710866331075,0.9032133383303044,0.0,zonia,0,False
2025-06-07 00:36:39.087764489+00:00,14,0,0,0,17.703660549363175,0.9229251028718938,0.0,zonia,0,False
2025-06-07 01:01:10.538649489+00:00,14,0,0,0,17.3508283799308,0.9279155006591301,0.0,zonia,0,False
2025-06-07 01:03:26.330089489+00:00,14,0,0,0,16.758102233764117,0.931047717024939,0.0,zonia,0,False
2025-06-07 01:15:06.971648489+00:00,14,0,0,0,16.92832009034322,0.9314029966176698,0.0,zonia,0,False
2025-06-07 01:17:46.839682489+00:00,14,0,0,0,16.89579812268117,0.9345043068979518,0.0,zonia,0,False
2025-06-07 01:52:26.395997489+00:00,14,0,0,0,15.954941944917515,0.9338934225245312,0.0,zonia,0,False
2025-06-07 02:44:57.430419489+00:00,14,0,0,0,15.455149119161032,0.937761641173174,0.0,zonia,0,False
2025-06-07 03:46:13.365130489+00:00,14,0,0,0,15.23660697419924,0.9385810959541311,0.0,zonia,0,False
2025-06-07 03:51:12.504404489+00:00,14,0,0,0,15.123868714597705,0.9390830606607664,0.0,zonia,0,False
2025-06-07 04:30:00.007775489+00:00,14,0,0,0,16.76511834480455,0.9372595437778141,0.0,zonia,0,False
2025-06-07 05:13:03.154906489+00:00,14,0,0,0,20.80571188390393,0.9364123372509587,0.0,zonia,0,False
2025-06-07 05:38:45.234294489+00:00,14,0,0,0,22.60489160812261,0.9487940150234463,0.0,zonia,0,False
2025-06-07 05:39:20.836624489+00:00,14,0,0,0,22.762284689074352,0.9552153169245962,0.0,zonia,0,False
2025-06-07 05:43:03.725375489+00:00,14,0,0,0,22.7823959988058,0.9592622551092501,0.0,zonia,0,False
2025-06-07 05:58:59.816590489+00:00,14,0,0,0,23.414301175397156,0.9602885689202854,0.0,zonia,0,False
2025-06-07 06:00:59.683092489+00:00,14,0,0,0,23.82075154721638,0.960080600138645,0.0,zonia,0,False
2025-06-07 06:49:43.842671489+00:00,14,0,0,0,25.095523714552826,0.9484535823267913,0.0,zonia,0,False
2025-06-07 06:50:24.007289489+00:00,14,0,0,0,25.5247302552308,0.9437449329301183,0.0,zonia,0,False
2025-06-07 06:58:01.119859489+00:00,14,0,0,0,25.52609565582939,0.9426816934600019,0.0,zonia,0,False
2025-06-07 07:16:05.174822489+00:00,14,0,0,0,27.17695137738,0.9440532371401724,0.0,zonia,0,False
2025-06-07 07:24:59.440657489+00:00,14,0,0,0,27.048781056634713,0.9431749265113566,0.0,zonia,0,False
2025-06-07 08:16:46.617281489+00:00,14,0,0,0,28.55097014111946,0.9419527534211181,0.0,zonia,0,False
2025-06-07 08:19:42.208973489+00:00,14,0,0,0,28.484818683851085,0.9479585240645226,0.0,zonia,0,False
2025-06-07 08:33:17.904978489+00:00,14,0,0,0,28.961517881074748,0.9546850863287082,0.0,zonia,0,False
2025-06-07 08:48:23.736435489+00:00,14,0,0,0,29.292837179859987,0.9622990807005553,0.0,zonia,0,False
2025-06-07 08:48:31.975456489+00:00,14,0,0,0,29.210739447411843,0.9672499781092704,0.0,zonia,0,False
2025-06-07 09:38:07.988197489+00:00,14,0,0,0,30.51258238012998,0.9704060377826217,0.0,zonia,0,False
2025-06-07 09:40:47.208633489+00:00,14,0,0,0,30.104513708417773,0.97270777581465,0.0,zonia,0,False
2025-06-07 10:15:27.462589489+00:00,14,0,0,0,30.811826999741736,0.9621605839175545,0.0,zonia,0,False
2025-06-07 10:19:30.544597489+00:00,14,0,0,0,30.83213943703994,0.9608962388303646,0.0,zonia,0,False
2025-06-07 10:31:51.834681489+00:00,14,0,0,0,31.360365523842088,0.9553027541053647,0.0,zonia,0,False
2025-06-07 10:33:46.210667489+00:00,14,0,0,0,31.37484343902418,0.9591713919495858,0.0,zonia,0,False
2025-06-07 10:42:56.840650489+00:00,14,0,0,0,31.15039356025466,0.9631509654875066,0.0,zonia,0,False
2025-06-07 10:55:26.078171489+00:00,14,0,0,0,31.21576845268768,0.9623375079509051,0.0,zonia,0,False
2025-06-07 10:56:06.663984489+00:00,14,0,0,0,31.29096712316667,0.962041798042549,0.0,zonia,0,False
2025-06-07 10:56:48.268509489+00:00,14,0,0,0,31.734449743824403,0.963665145258385,0.0,zonia,0,False
2025-06-07 11:06:06.646267489+00:00,14,0,0,0,31.97278487504739,0.9669173141005999,0.0,zonia,0,False
2025-06-07 11:31:45.444502489+00:00,14,0,0,0,32.42263713207961,0.9606340232756713,0.0,zonia,0,False
2025-06-07 11:44:12.908601489+00:00,14,0,0,0,32.140235451352204,0.956884676193251,0.0,zonia,0,False
2025-06-07 11:52:13.797912489+00:00,14,0,0,0,32.216105447931874,0.957503576456315,0.0,zonia,0,False
2025-06-07 11:56:17.243609489+00:00,14,0,0,0,32.11732591223867,0.9596069288537014,0.0,zonia,0,False
2025-06-07 12:07:11.706959489+00:00,14,0,0,0,32.18846955090816,0.9589717517411473,0.0,zonia,0,False
2025-06-07 12:18:30.735146489+00:00,14,0,0,0,32.21235972059762,0.9581202984863971,0.0,zonia,0,False
2025-06-07 12:44:11.749954489+00:00,14,0,0,0,32.96162168467858,0.9560639392594952,0.0,zonia,0,False
2025-06-07 12:48:43.000133489+00:00,14,0,0,0,32.80872607703769,0.9352359780598507,0.0,zonia,0,False
2025-06-07 12:56:15.988551489+00:00,14,0,0,0,32.76256533007836,0.9274257232450961,0.0,zonia,0,False
2025-06-07 13:05:14.548198489+00:00,14,0,0,0,32.65979406524482,0.9294311358222421,0.0,zonia,0,False
2025-06-07 13:11:09.661413489+00:00,14,0,0,0,33.07679455444773,0.9291315741135205,0.0,zonia,0,False
2025-06-07 13:19:13.614568489+00:00,14,0,0,0,32.72252795389074,0.91892325533558,0.0,zonia,0,False
2025-06-07 13:23:58.701970489+00:00,14,0,0,0,32.56050643968527,0.9194849641092284,0.0,zonia,0,False
2025-06-07 13:26:30.661386489+00:00,14,0,0,0,33.06815405612339,0.9157222877603696,0.0,zonia,0,False
2025-06-07 13:43:22.231877489+00:00,14,0,0,0,33.092445125969945,0.9195638440976153,0.0,zonia,0,False
2025-06-07 13:59:16.460446489+00:00,14,0,0,0,33.047352928906015,0.9267795850040679,0.0,zonia,0,False
2025-06-07 14:04:40.190349489+00:00,14,0,0,0,32.62568620606184,0.9307826804125093,0.0,zonia,0,False
2025-06-07 14:13:36.168530489+00:00,14,0,0,0,32.676092673143486,0.9339606009039684,0.0,zonia,0,False
2025-06-07 14:46:19.097772489+00:00,14,0,0,0,32.475947398271785,0.898157094773677,0.0,zonia,0,False
2025-06-07 15:13:28.066134489+00:00,14,0,0,0,31.98350095867931,0.9062411319511463,0.0,zonia,0,False
2025-06-07 15:41:05.221814489+00:00,14,0,0,0,32.00206501801368,0.9247741733275893,0.0,zonia,0,False
2025-06-07 15:49:54.553477489+00:00,14,0,0,0,31.71071322237111,0.9248431173787922,0.0,zonia,0,False
2025-06-07 15:51:48.227908489+00:00,14,0,0,0,32.25028444088045,0.9344291899286343,0.0,zonia,0,False
2025-06-07 16:13:18.244472489+00:00,14,0,0,0,31.410130183544215,0.9355209228725246,0.0,zonia,0,False
2025-06-07 16:19:40.353924489+00:00,14,0,0,0,31.215233274295013,0.9454092967985568,0.0,zonia,0,False
2025-06-07 16:21:47.841094489+00:00,14,0,0,0,31.33986547990891,0.9519007190414135,0.0,zonia,0,False
2025-06-07 16:37:41.499798489+00:00,14,0,0,0,30.965390497676008,0.9577770726452304,0.0,zonia,0,False
2025-06-07 16:43:15.275738489+00:00,14,0,0,0,30.888068688703825,0.9638958202384028,0.0,zonia,0,False
2025-06-07 16:46:23.602664489+00:00,14,0,0,0,30.89820739858558,0.9693195137591218,0.0,zonia,0,False
2025-06-07 17:02:22.470467489+00:00,14,0,0,0,30.70865036405583,0.9724992179055869,0.0,zonia,0,False
2025-06-07 17:02:55.787737489+00:00,14,0,0,0,30.474838858683103,0.9721587663980236,0.0,zonia,0,False
2025-06-07 17:46:21.561475489+00:00,14,0,0,0,29.063641563081394,0.9776873582539016,0.0,zonia,0,False
2025-06-07 17:50:29.916938489+00:00,14,0,0,0,29.382057387324163,0.977659537757322,0.0,zonia,0,False
2025-06-07 17:59:58.390152489+00:00,14,0,0,0,28.667141155583966,0.9812720960956199,0.0,zonia,0,False
2025-06-07 18:15:42.593141489+00:00,14,0,0,0,27.787197584345865,0.9817333964052521,0.0,zonia,0,False
2025-06-07 19:13:10.813979489+00:00,14,0,0,0,25.660271291601923,0.9411098460958184,0.0,zonia,0,False
2025-06-07 19:27:52.962776489+00:00,14,0,0,0,25.41266832570345,0.9576508294838932,0.0,zonia,0,False
2025-06-07 19:29:57.398717489+00:00,14,0,0,0,25.25374315328704,0.9518460456780528,0.0,zonia,0,False
2025-06-07 20:03:10.958460489+00:00,14,0,0,0,24.991595182295523,0.9520544265445242,0.0,zonia,0,False
2025-06-07 20:03:41.655040489+00:00,14,0,0,0,25.084291056780994,0.9512479684083238,0.0,zonia,0,False
2025-06-07 20:49:49.098198489+00:00,14,0,0,0,23.32346241294212,0.9360317045154893,0.0,zonia,0,False
2025-06-07 20:51:39.609519489+00:00,14,0,0,0,22.42708811891049,0.9549277166701513,0.0,zonia,0,False
2025-06-07 20:57:47.098499489+00:00,14,0,0,0,22.159419801623127,0.9213113570424927,0.0,zonia,0,False
2025-06-07 21:11:58.002606489+00:00,14,0,0,0,22.50585309869318,0.9230880854472644,0.0,zonia,0,False
2025-06-07 21:24:22.763627489+00:00,14,0,0,0,22.13511388808816,0.9185448879283428,0.0,zonia,0,False
2025-06-07 21:41:14.821529489+00:00,14,0,0,0,21.293621907926404,0.9170281695218837,0.0,zonia,0,False
2025-06-07 21:46:24.780802489+00:00,14,0,0,0,21.54107396021277,0.9148648593881503,0.0,zonia,0,False
2025-06-07 22:08:05.118762489+00:00,14,0,0,0,20.819890870914524,0.9238148282245807,0.0,zonia,0,False
2025-06-07 22:15:13.215297489+00:00,14,0,0,0,20.654625832546415,0.9224034386831318,0.0,zonia,0,False
2025-06-07 22:59:44.072127489+00:00,14,0,0,0,20.172741309912983,0.922917464655634,0.0,zonia,0,False
2025-06-07 23:20:32.356335489+00:00,14,0,0,0,20.07875793957114,0.9442773371218945,0.0,zonia,0,False
2025-06-07 23:22:06.228019489+00:00,14,0,0,0,19.781983852008256,0.9321012738802285,0.0,zonia,0,False
2025-06-07 23:23:26.661198489+00:00,14,0,0,0,18.687837856080854,0.9336539101479674,0.0,zonia,0,False
2025-06-07 23:38:52.346060489+00:00,14,0,0,0,20.052892904881062,0.9291260854803853,0.0,zonia,0,False
2025-06-08 00:29:25.404317489+00:00,14,0,0,0,19.464253115476318,0.93328394999472,0.0,zonia,0,False
2025-06-08 00:37:40.288769489+00:00,14,0,0,0,18.97454452663877,0.9308633983625869,0.0,zonia,0,False
2025-06-08 00:52:19.936341489+00:00,14,0,0,0,18.762817183314233,0.9102661047923102,0.0,zonia,0,False
2025-06-08 00:58:52.675835489+00:00,14,0,0,0,18.48348580704879,0.912733790472804,0.0,zonia,0,False
2025-06-08 01:09:24.915782489+00:00,14,0,0,0,17.68043275125991,0.8430222426226853,0.0,zonia,0,False
2025-06-08 01:43:41.558745489+00:00,14,0,0,0,18.165584114072495,0.8474647830079746,0.0,zonia,0,False
2025-06-08 02:02:01.329260489+00:00,14,0,0,0,18.492041386767127,0.8440074105664364,0.0,zonia,0,False
2025-06-08 02:12:55.332214489+00:00,14,0,0,0,18.3260419637342,0.8538159253055977,0.0,zonia,0,False
2025-06-08 02:24:24.822880489+00:00,14,0,0,0,17.920247708878005,0.8586099374289244,0.0,zonia,0,False
2025-06-08 03:39:46.416527489+00:00,14,0,0,0,18.99387283611441,0.8594520180367359,0.0,zonia,0,False
2025-06-08 03:44:01.885470489+00:00,14,0,0,0,19.43998297986097,0.846365768644411,0.0,zonia,0,False
2025-06-08 04:05:53.803898489+00:00,14,0,0,0,19.13366515762131,0.8380454466420153,0.0,zonia,0,False
2025-06-08 04:16:44.791476489+00:00,14,0,0,0,19.53641255785228,0.8325218456415522,0.0,zonia,0,False
2025-06-08 04:23:17.184770489+00:00,14,0,0,0,19.46034207645422,0.8249516388709076,0.0,zonia,0,False
2025-06-08 04:23:59.199856489+00:00,14,0,0,0,20.667721982789768,0.8378141874649393,0.0,zonia,0,False
2025-06-08 04:26:02.757288489+00:00,14,0,0,0,20.276594276813665,0.8385334669209066,0.0,zonia,0,False
2025-06-08 04:37:19.976972489+00:00,14,0,0,0,20.94717473885415,0.8402186689856607,0.0,zonia,0,False
2025-06-08 04:48:16.379867489+00:00,14,0,0,0,20.983920400613936,0.8393049152716311,0.0,zonia,0,False
2025-06-08 04:50:41.279533489+00:00,14,0,0,0,21.126843016913448,0.8412930511429929,0.0,zonia,0,False
2025-06-08 05:06:13.073549489+00:00,14,0,0,0,22.195216530911445,0.8519149540908958,0.0,zonia,0,False
2025-06-08 05:39:37.517344489+00:00,14,0,0,0,24.37124745268047,0.8862399769849393,0.0,zonia,0,False
2025-06-08 05:41:11.701481489+00:00,14,0,0,0,24.459388475717116,0.8863485249339306,0.0,zonia,0,False
2025-06-08 06:31:08.433864489+00:00,14,0,0,0,26.40914700035319,0.9049082894624295,0.0,zonia,0,False
2025-06-08 06:40:37.558780489+00:00,14,0,0,0,26.66590965991396,0.884305036912286,0.0,zonia,0,False
2025-06-08 06:45:26.071635489+00:00,14,0,0,0,26.688605021911684,0.8844019602145317,0.0,zonia,0,False
2025-06-08 06:51:19.502520489+00:00,14,0,0,0,26.47406474054532,0.9101312232146387,0.0,zonia,0,False
2025-06-08 06:54:02.602451489+00:00,14,0,0,0,26.715684176068528,0.9180707604068419,0.0,zonia,0,False
2025-06-08 07:01:05.556272489+00:00,14,0,0,0,26.94627563399945,0.9047228165219676,0.0,zonia,0,False
2025-06-08 07:25:24.599954489+00:00,14,0,0,0,27.51570902144388,0.9019716631975915,0.0,zonia,0,False
2025-06-08 07:27:44.427315489+00:00,14,0,0,0,27.429375865375533,0.9118661342030404,0.0,zonia,0,False
2025-06-08 07:44:40.239197489+00:00,14,0,0,0,28.68784222081686,0.9109947989831607,0.0,zonia,0,False
2025-06-08 07:56:50.854025489+00:00,14,0,0,0,28.31510846825281,0.9017418423575398,0.0,zonia,0,False
2025-06-08 07:58:33.407402489+00:00,14,0,0,0,28.29675159347694,0.8997597355465513,0.0,zonia,0,False
2025-06-08 08:01:50.798721489+00:00,14,0,0,0,28.25216758938393,0.838282337892417,0.0,zonia,0,False
2025-06-08 08:14:11.217569489+00:00,14,0,0,0,28.1979739341473,0.7803601058885948,0.0,zonia,0,False
2025-06-08 08:17:10.498947489+00:00,14,0,0,0,28.66130111709918,0.7788142186817005,0.0,zonia,0,False
2025-06-08 08:38:52.584014489+00:00,14,0,0,0,29.2571708912185,0.8018257701912941,0.0,zonia,0,False
2025-06-08 08:46:32.139927489+00:00,14,0,0,0,29.569888346800955,0.8330850274111468,0.0,zonia,0,False
2025-06-08 08:57:50.814266489+00:00,14,0,0,0,29.1732260885543,0.8586136646807601,0.0,zonia,0,False
2025-06-08 08:59:44.855655489+00:00,14,0,0,0,29.096852179094732,0.8651096012374706,0.0,zonia,0,False
2025-06-08 09:05:55.733842489+00:00,14,0,0,0,29.58299536493028,0.862647375504394,0.0,zonia,0,False
2025-06-08 09:20:49.370951489+00:00,14,0,0,0,29.12769117750199,0.8746383145001085,0.0,zonia,0,False
2025-06-08 09:35:04.445329489+00:00,14,0,0,0,30.043070418773905,0.8902605222942119,0.0,zonia,0,False
2025-06-08 10:01:18.628458489+00:00,14,0,0,0,29.852564908255264,0.896895776431627,0.0,zonia,0,False
2025-06-08 10:17:35.055861489+00:00,14,0,0,0,30.091058312535345,0.8969006238722763,0.0,zonia,0,False
2025-06-08 10:37:50.551356489+00:00,14,0,0,0,30.08973103993288,0.8959841687392412,0.0,zonia,0,False
2025-06-08 10:38:40.002085489+00:00,14,0,0,0,30.221132877679842,0.8945071022979294,0.0,zonia,0,False
2025-06-08 10:49:16.141466489+00:00,14,0,0,0,30.998131631586283,0.8904443578398966,0.0,zonia,0,False
2025-06-08 11:05:30.274255489+00:00,14,0,0,0,30.48935013926976,0.8873972608665486,0.0,zonia,0,False
2025-06-08 11:13:01.223514489+00:00,14,0,0,0,30.391109016413566,0.8968618611177605,0.0,zonia,0,False
2025-06-08 11:13:04.262275489+00:00,14,0,0,0,31.085927127472466,0.8982153348885351,0.0,zonia,0,False
2025-06-08 11:35:55.821915489+00:00,14,0,0,0,31.477807056221994,0.8879130448953555,0.0,zonia,0,False
2025-06-08 11:38:31.210560489+00:00,14,0,0,0,31.036582051716955,0.8870562625385318,0.0,zonia,0,False
2025-06-08 11:48:35.522104489+00:00,14,0,0,0,30.806197581698846,0.8877412227279843,0.0,zonia,0,False
2025-06-08 11:50:15.145145489+00:00,14,0,0,0,30.786504560894066,0.8872521202934547,0.0,zonia,0,False
2025-06-08 12:04:58.893205489+00:00,14,0,0,0,30.397186598203124,0.8915327773028274,0.0,zonia,0,False
2025-06-08 12:08:26.990909489+00:00,14,0,0,0,30.974976279444512,0.8991216248178945,0.0,zonia,0,False
2025-06-08 12:10:12.945199489+00:00,14,0,0,0,30.61526308282377,0.9011768524138973,0.0,zonia,0,False
2025-06-08 12:35:51.033745489+00:00,14,0,0,0,30.326364693105816,0.9059144521607553,0.0,zonia,0,False
2025-06-08 13:12:07.415329489+00:00,14,0,0,0,29.512531971486034,0.8359289600083571,0.0,zonia,0,False
2025-06-08 13:17:22.854523489+00:00,14,0,0,0,31.8018715787404,0.8954827373500207,0.0,zonia,0,False
2025-06-08 13:21:09.749191489+00:00,14,0,0,0,30.804823532426433,0.8915358754310742,0.0,zonia,0,False
2025-06-08 13:57:42.683812489+00:00,14,0,0,0,30.952392835762055,0.8869167812775435,0.0,zonia,0,False
2025-06-08 14:07:28.764083489+00:00,14,0,0,0,31.278084098473574,0.9026576458900255,0.0,zonia,0,False
2025-06-08 14:17:11.011907489+00:00,14,0,0,0,31.227473019892493,0.9259897141542474,0.0,zonia,0,False
2025-06-08 14:19:55.954816489+00:00,14,0,0,0,31.062072253370115,0.9340180460732128,0.0,zonia,0,False
2025-06-08 14:24:55.553638489+00:00,14,0,0,0,31.28336033847702,0.9366544379964478,0.0,zonia,0,False
2025-06-08 15:27:46.584518489+00:00,14,0,0,0,30.975884801611137,0.9405561892314575,0.0,zonia,0,False
2025-06-08 15:45:26.352851489+00:00,14,0,0,0,30.318745685425245,0.9482638528543669,0.0,zonia,0,False
2025-06-08 15:47:55.821618489+00:00,14,0,0,0,30.331455957057052,0.9573139387443454,0.0,zonia,0,False
2025-06-08 15:49:16.378104489+00:00,14,0,0,0,30.066510810254822,0.9582430446133269,0.0,zonia,0,False
2025-06-08 16:31:28.142579489+00:00,14,0,0,0,29.726661473577295,0.9577694559883698,0.0,zonia,0,False
2025-06-08 17:36:46.837347489+00:00,14,0,0,0,27.81503709512102,0.9611799561996726,0.0,zonia,0,False
2025-06-08 18:02:31.021714489+00:00,14,0,0,0,26.85535676265615,0.9635367927286322,0.0,zonia,0,False
2025-06-08 18:11:06.467627489+00:00,14,0,0,0,26.148744088241198,0.9723358056196167,0.0,zonia,0,False
2025-06-08 18:17:17.345218489+00:00,14,0,0,0,25.92936373976775,0.9777633755059263,0.0,zonia,0,False
2025-06-08 18:18:59.348103489+00:00,14,0,0,0,25.861490149282513,0.9801943451574593,0.0,zonia,0,False
2025-06-08 19:06:46.199338489+00:00,14,0,0,0,24.151333251881518,0.9843227380204304,0.0,zonia,0,False
2025-06-08 20:09:02.099690489+00:00,14,0,0,0,22.773837552008914,0.9826729200820938,0.0,zonia,0,False
2025-06-08 20:23:31.601654489+00:00,14,0,0,0,22.49794519219947,0.9821066105686912,0.0,zonia,0,False
2025-06-08 20:51:01.546791489+00:00,14,0,0,0,21.974112497151328,0.9805058221221971,0.0,zonia,0,False
2025-06-08 21:10:05.343095489+00:00,14,0,0,0,21.20122919649343,0.9706583425091192,0.0,zonia,0,False
2025-06-08 21:15:16.866290489+00:00,14,0,0,0,21.41147059024748,0.9613984641681483,0.0,zonia,0,False
2025-06-08 21:17:16.659514489+00:00,14,0,0,0,21.0278377007927,0.9565606536004919,0.0,zonia,0,False
2025-06-08 21:22:15.542885489+00:00,14,0,0,0,20.812273315634176,0.9520441175016551,0.0,zonia,0,False
2025-06-08 21:28:34.720020489+00:00,14,0,0,0,20.342475528438857,0.9556640270181119,0.0,zonia,0,False
2025-06-08 21:29:59.827377489+00:00,14,0,0,0,20.423770957276613,0.946123874976155,0.0,zonia,0,False
2025-06-08 21:30:23.427009489+00:00,14,0,0,0,20.464600907276687,0.9418881999009973,0.0,zonia,0,False
2025-06-08 21:37:03.720845489+00:00,14,0,0,0,20.33993142313728,0.9397364882202915,0.0,zonia,0,False
2025-06-08 22:02:49.963862489+00:00,14,0,0,0,19.95285996642053,0.9163805860521916,0.0,zonia,0,False
2025-06-08 22:21:39.296076489+00:00,14,0,0,0,19.1939870212291,0.9202851879793964,0.0,zonia,0,False
2025-06-08 23:44:34.379886489+00:00,14,0,0,0,18.652205932935978,0.9143367847218172,0.0,zonia,0,False
2025-06-09 01:06:29.438300489+00:00,14,0,0,0,18.034992272630863,0.925844626802809,0.0,zonia,0,False
2025-06-09 01:12:52.592895489+00:00,14,0,0,0,18.137245044910735,0.9236621806612652,0.0,zonia,0,False
2025-06-09 02:05:57.064924489+00:00,14,0,0,0,17.320683849697808,0.9239790513587983,0.0,zonia,0,False
2025-06-09 02:16:38.507161489+00:00,14,0,0,0,16.14894665865481,0.9253825776555031,0.0,zonia,0,False
2025-06-09 02:26:43.476345489+00:00,14,0,0,0,17.239271273324835,0.9289474673003169,0.0,zonia,0,False
2025-06-09 02:33:31.818212489+00:00,14,0,0,0,17.167556685788487,0.9337042797253395,0.0,zonia,0,False
2025-06-09 02:38:37.335371489+00:00,14,0,0,0,16.683996521936557,0.9268554516869271,0.0,zonia,0,False
2025-06-09 02:47:51.758611489+00:00,14,0,0,0,16.69731754710716,0.9227277734264444,0.0,zonia,0,False
2025-06-09 03:03:50.477797489+00:00,14,0,0,0,16.675307925953472,0.9251808468146695,0.0,zonia,0,False
2025-06-09 03:25:30.776206489+00:00,14,0,0,0,17.100657701704908,0.9433131129382438,0.0,zonia,0,False
2025-06-09 03:37:07.954327489+00:00,14,0,0,0,16.64056024699775,0.9545189978113534,0.0,zonia,0,False
2025-06-09 03:44:56.096158489+00:00,14,0,0,0,16.32527711392438,0.9621586138594553,0.0,zonia,0,False
2025-06-09 03:58:12.828773489+00:00,14,0,0,0,17.165546665200267,0.9623295579595117,0.0,zonia,0,False
2025-06-09 04:24:01.495146489+00:00,14,0,0,0,17.273704987526447,0.9623244808808197,0.0,zonia,0,False
2025-06-09 04:48:31.206757489+00:00,14,0,0,0,18.449049864360937,0.9678860695053045,0.0,zonia,0,False
2025-06-09 05:15:38.640411489+00:00,14,0,0,0,20.026345288724663,0.9697988849928999,0.0,zonia,0,False
2025-06-09 06:10:09.032497489+00:00,14,0,0,0,22.62734149679265,0.9729924293817912,0.0,zonia,0,False
2025-06-09 06:15:15.318209489+00:00,14,0,0,0,23.24389144576449,0.9714880041604916,0.0,zonia,0,False
2025-06-09 06:32:15.334861489+00:00,14,0,0,0,23.29257288014803,0.9685036230149449,0.0,zonia,0,False
2025-06-09 07:25:14.725706489+00:00,14,0,0,0,24.267596455417564,0.9711045826163538,0.0,zonia,0,False
2025-06-09 07:34:55.714958489+00:00,14,0,0,0,24.810557381812643,0.9385969163605468,0.0,zonia,0,False
2025-06-09 07:45:00.473206489+00:00,14,0,0,0,24.878916752421894,0.9432492512492994,0.0,zonia,0,False
2025-06-09 07:58:18.811644489+00:00,14,0,0,0,25.35845595368838,0.9435349820384168,0.0,zonia,0,False
2025-06-09 08:13:03.038155489+00:00,14,0,0,0,25.95904995683157,0.9363030788126073,0.0,zonia,0,False
2025-06-09 08:27:12.359681489+00:00,14,0,0,0,26.201852494498297,0.9311164767211082,0.0,zonia,0,False
2025-06-09 08:36:45.904154489+00:00,14,0,0,0,26.986402870459525,0.9371955812440076,0.0,zonia,0,False
2025-06-09 08:57:20.196363489+00:00,14,0,0,0,27.531874361806057,0.9342477180932118,0.0,zonia,0,False
2025-06-09 09:09:14.995397489+00:00,14,0,0,0,27.15652659141601,0.9469782442049138,0.0,zonia,0,False
2025-06-09 09:21:05.167346489+00:00,14,0,0,0,27.322098545464204,0.9500126288265839,0.0,zonia,0,False
2025-06-09 09:34:23.384718489+00:00,14,0,0,0,27.495496733521414,0.9638408997530347,0.0,zonia,0,False
2025-06-09 09:34:30.581017489+00:00,14,0,0,0,27.248076132447206,0.969916457143416,0.0,zonia,0,False
2025-06-09 09:46:31.253160489+00:00,14,0,0,0,28.290965376731588,0.9688217188772962,0.0,zonia,0,False
2025-06-09 09:52:56.685753489+00:00,14,0,0,0,27.918139881120187,0.9704660553589778,0.0,zonia,0,False
2025-06-09 10:01:24.589000489+00:00,14,0,0,0,27.502254199029593,0.9733164903445323,0.0,zonia,0,False
2025-06-09 10:08:21.231325489+00:00,14,0,0,0,27.75555570011804,0.9760901714456892,0.0,zonia,0,False
2025-06-09 10:48:15.882887489+00:00,14,0,0,0,27.39834765532019,0.9784151057978197,0.0,zonia,0,False
2025-06-09 10:50:54.078163489+00:00,14,0,0,0,27.07203645059298,0.9810880842197546,0.0,zonia,0,False
2025-06-09 10:53:45.784725489+00:00,14,0,0,0,27.222697867038363,0.9813734021498358,0.0,zonia,0,False
2025-06-09 10:57:42.819623489+00:00,14,0,0,0,27.0596461337436,0.975130205889038,0.0,zonia,0,False
2025-06-09 10:58:34.952773489+00:00,14,0,0,0,27.25960899345826,0.9747779899964623,0.0,zonia,0,False
2025-06-09 11:19:26.094097489+00:00,14,0,0,0,26.877972094685987,0.9746626129064014,0.0,zonia,0,False
2025-06-09 11:19:53.086248489+00:00,14,0,0,0,27.15950989164687,0.9758281073068422,0.0,zonia,0,False
2025-06-09 11:51:05.476191489+00:00,14,0,0,0,27.44376500319207,0.96829908023547,0.0,zonia,0,False
2025-06-09 11:51:10.147792489+00:00,14,0,0,0,27.543759507714938,0.9683805532157317,0.0,zonia,0,False
2025-06-09 12:13:55.790862489+00:00,14,0,0,0,27.3685615329384,0.9646224963644031,0.0,zonia,0,False
2025-06-09 12:31:08.642314489+00:00,14,0,0,0,27.27917688860216,0.9646953466976055,0.0,zonia,0,False
2025-06-09 12:37:12.063846489+00:00,14,0,0,0,27.33017911643797,0.9586342559027087,0.0,zonia,0,False
2025-06-09 12:45:25.476658489+00:00,14,0,0,0,27.38015779925462,0.9591302179719106,0.0,zonia,0,False
2025-06-09 13:15:18.548420489+00:00,14,0,0,0,27.409021478436294,0.9616014670147728,0.0,zonia,0,False
2025-06-09 13:30:32.476006489+00:00,14,0,0,0,27.62890474261972,0.9600548672662258,0.0,zonia,0,False
2025-06-09 13:49:19.998817489+00:00,14,0,0,0,27.589948512457777,0.9597576312129148,0.0,zonia,0,False
2025-06-09 15:19:21.459821489+00:00,14,0,0,0,27.873835219624205,0.9578113810115424,0.0,zonia,0,False
2025-06-09 16:54:44.815426489+00:00,14,0,0,0,25.970452300990328,0.9560072790606163,0.0,zonia,0,False
2025-06-09 17:09:12.252156489+00:00,14,0,0,0,25.865934147493938,0.9558063742372396,0.0,zonia,0,False
2025-06-09 17:18:36.317597489+00:00,14,0,0,0,25.81581251589091,0.9549630231518398,0.0,zonia,0,False
2025-06-09 17:25:00.157443489+00:00,14,0,0,0,25.529532629898373,0.9562458998025084,0.0,zonia,0,False
2025-06-09 17:54:45.677394489+00:00,14,0,0,0,24.72595821663835,0.9581114098311823,0.0,zonia,0,False
2025-06-09 18:26:31.716377489+00:00,14,0,0,0,23.41840282309895,0.972543937861721,0.0,zonia,0,False
2025-06-09 18:32:49.361796489+00:00,14,0,0,0,23.281512690532715,0.9741305847566942,0.0,zonia,0,False
2025-06-09 18:56:56.174547489+00:00,14,0,0,0,21.9061400333068,0.9814107443233553,0.0,zonia,0,False
2025-06-09 18:57:29.918918489+00:00,14,0,0,0,21.901698274966336,0.9830132767993717,0.0,zonia,0,False
2025-06-09 19:03:00.946756489+00:00,14,0,0,0,21.72012043862852,0.9842298143251724,0.0,zonia,0,False
2025-06-09 19:31:44.914239489+00:00,14,0,0,0,20.331577199796207,0.9855019873207844,0.0,zonia,0,False
2025-06-09 19:52:32.292512489+00:00,14,0,0,0,19.973036850315133,0.9859380718824824,0.0,zonia,0,False
2025-06-09 20:21:20.760743489+00:00,14,0,0,0,19.06717526749062,0.9839953314011611,0.0,zonia,0,False
2025-06-09 20:22:15.920937489+00:00,14,0,0,0,18.81916590784315,0.98552241137761,0.0,zonia,0,False
2025-06-09 20:58:38.193825489+00:00,14,0,0,0,17.35975750169729,0.9098764704916971,0.0,zonia,0,False
2025-06-09 21:34:09.729897489+00:00,14,0,0,0,18.239239696392637,0.9068996775417764,0.0,zonia,0,False
2025-06-09 21:49:36.776505489+00:00,14,0,0,0,17.96399511561438,0.9042113819006142,0.0,zonia,0,False
2025-06-09 22:02:04.922683489+00:00,14,0,0,0,17.807258398183727,0.9324244876107158,0.0,zonia,0,False
2025-06-09 22:13:32.173881489+00:00,14,0,0,0,17.30627906981632,0.9284621687605364,0.0,zonia,0,False
2025-06-09 22:13:47.967883489+00:00,14,0,0,0,17.016901877092902,0.9295246710054176,0.0,zonia,0,False
2025-06-09 22:25:24.831070489+00:00,14,0,0,0,16.876000462312767,0.934150717842957,0.0,zonia,0,False
2025-06-09 22:50:06.036870489+00:00,14,0,0,0,16.570510809207203,0.9336707753164674,0.0,zonia,0,False
2025-06-09 23:28:20.979026489+00:00,14,0,0,0,15.988170304104289,0.9328396844169667,0.0,zonia,0,False
2025-06-09 23:33:20.234884489+00:00,14,0,0,0,15.898052024034241,0.9493353724627026,0.0,zonia,0,False
2025-06-09 23:37:19.340187489+00:00,14,0,0,0,16.23690290574051,0.9469642250047026,0.0,zonia,0,False
2025-06-09 23:40:48.905113489+00:00,14,0,0,0,15.943049089424806,0.9487774743938225,0.0,zonia,0,False
2025-06-10 00:25:24.647771489+00:00,14,0,0,0,15.74808786943433,0.9494195236161257,0.0,zonia,0,False
2025-06-10 00:55:05.779612489+00:00,14,0,0,0,15.62139956721219,0.9518812982504448,0.0,zonia,0,False
2025-06-10 01:04:39.416754489+00:00,14,0,0,0,15.372359435579192,0.9609768686025727,0.0,zonia,0,False
2025-06-10 01:06:06.629480489+00:00,14,0,0,0,15.32580520391843,0.9662156958246603,0.0,zonia,0,False
2025-06-10 01:18:45.551703489+00:00,14,0,0,0,15.28319463495852,0.97135971363219,0.0,zonia,0,False
2025-06-10 01:20:59.856310489+00:00,14,0,0,0,15.0818325263053,0.9761710144738414,0.0,zonia,0,False
2025-06-10 01:21:53.751052489+00:00,14,0,0,0,15.286790717509518,0.9794760938492215,0.0,zonia,0,False
2025-06-10 01:23:16.673567489+00:00,14,0,0,0,14.955559701109406,0.9815517165976244,0.0,zonia,0,False
2025-06-10 01:26:52.918110489+00:00,14,0,0,0,14.92799214027368,0.9831561046213059,0.0,zonia,0,False
2025-06-10 01:46:34.876820489+00:00,14,0,0,0,15.186329502717479,0.9838499823229923,0.0,zonia,0,False
2025-06-10 01:57:45.636653489+00:00,14,0,0,0,14.815360896541543,0.9850970927699648,0.0,zonia,0,False
2025-06-10 02:00:31.647548489+00:00,14,0,0,0,14.63301188385982,0.9848404996099809,0.0,zonia,0,False
2025-06-10 02:20:37.438545489+00:00,14,0,0,0,14.870610783271028,0.9585037777129148,0.0,zonia,0,False
2025-06-10 02:28:29.107232489+00:00,14,0,0,0,14.62787264789279,0.9571111520499195,0.0,zonia,0,False
2025-06-10 03:23:27.649886489+00:00,14,0,0,0,14.778908276255315,0.958288584020843,0.0,zonia,0,False
2025-06-10 03:27:39.204028489+00:00,14,0,0,0,14.68370401979012,0.9704486423963984,0.0,zonia,0,False
2025-06-10 03:40:26.424535489+00:00,14,0,0,0,14.665204213009707,0.9770311529438581,0.0,zonia,0,False
2025-06-10 03:59:10.957640489+00:00,14,0,0,0,14.74959311572441,0.9774934963565346,0.0,zonia,0,False
2025-06-10 04:08:32.865841489+00:00,14,0,0,0,14.721455031028192,0.9819618660667159,0.0,zonia,0,False
2025-06-10 04:21:08.100364489+00:00,14,0,0,0,15.09502392119061,0.9815782205313448,0.0,zonia,0,False
2025-06-10 04:29:46.850266489+00:00,14,0,0,0,15.59733571253115,0.9818234087447875,0.0,zonia,0,False
2025-06-10 04:36:08.518239489+00:00,14,0,0,0,15.663019917499982,0.9826852108486106,0.0,zonia,0,False
2025-06-10 04:41:00.458901489+00:00,14,0,0,0,16.059575380870555,0.982335535315525,0.0,zonia,0,False
2025-06-10 05:10:28.310080489+00:00,14,0,0,0,17.425386207967843,0.9816886392473869,0.0,zonia,0,False
2025-06-10 05:12:08.764294489+00:00,14,0,0,0,17.506536554280235,0.9807496213174235,0.0,zonia,0,False
2025-06-10 05:12:14.515197489+00:00,14,0,0,0,17.688327537021415,0.9690310243998529,0.0,zonia,0,False
2025-06-10 05:15:02.621421489+00:00,14,0,0,0,18.06926514778668,0.9669279299279987,0.0,zonia,0,False
2025-06-10 05:17:31.560492489+00:00,14,0,0,0,18.135439882806033,0.9712649155878074,0.0,zonia,0,False
2025-06-10 05:33:32.590151489+00:00,14,0,0,0,18.898100220339003,0.9634113207945908,0.0,zonia,0,False
2025-06-10 06:03:19.747421489+00:00,14,0,0,0,19.852953803120162,0.9622679862534207,0.0,zonia,0,False
2025-06-10 06:13:24.722051489+00:00,14,4,0,0,20.779851157820616,0.9499521210154238,0.7588536663092724,zonia,0,False
2025-06-10 06:34:37.215455489+00:00,14,4,0,0,20.879775082874257,0.9508260560836537,0.7588536663092724,zonia,0,False
2025-06-10 06:35:11.582270489+00:00,14,4,0,0,21.068539772398168,0.9452794784657115,0.6414494498298066,zonia,0,False
2025-06-10 06:44:09.172621489+00:00,14,4,0,0,22.530786297793576,0.9311734902813151,0.19251226850161887,zonia,0,False
2025-06-10 07:03:04.604775489+00:00,14,4,0,0,22.533968406625025,0.9362012082190942,-0.08730554300010179,zonia,0,False
2025-06-10 07:40:38.794133489+00:00,14,4,0,0,23.825419571909936,0.9414083922303913,-0.08730554300010179,zonia,0,False
2025-06-10 07:41:39.008515489+00:00,14,4,0,0,23.92577414197106,0.9418195191911506,-0.3127520717952045,zonia,0,False
2025-06-10 07:59:28.342347489+00:00,14,4,0,0,24.43025018905839,0.9519570962327506,-0.3127520717952045,zonia,0,False
2025-06-10 08:11:02.042680489+00:00,14,4,0,0,24.85121504998061,0.9504819059373432,-0.3127520717952045,zonia,0,False
2025-06-10 08:21:24.921253489+00:00,14,4,0,0,24.99562273112497,0.9546312733155459,-0.42216661630208163,zonia,0,False
2025-06-10 08:23:27.209541489+00:00,14,4,0,0,24.858092753316335,0.9550744455866648,-0.42216661630208163,zonia,0,False
2025-06-10 08:43:08.311135489+00:00,14,4,0,0,25.553254394574978,0.9596649521412193,-0.4813140211686984,zonia,0,False
2025-06-10 08:52:12.211571489+00:00,14,4,0,0,25.762380914210805,0.9605404661208178,-0.4813140211686984,zonia,0,False
2025-06-10 08:57:59.182120489+00:00,14,4,0,0,26.321517781043887,0.960010053865471,-0.4813140211686984,zonia,0,False
2025-06-10 09:40:47.317361489+00:00,14,4,0,0,27.058395151152414,0.9612197230355525,-0.5356156771933972,zonia,0,False
2025-06-10 09:43:19.990104489+00:00,14,4,0,0,26.997019093695066,0.9709826570218757,-0.5356156771933972,zonia,0,False
2025-06-10 09:47:47.235041489+00:00,14,4,0,0,26.850709407125738,0.9747424863739351,-0.5356156771933972,zonia,0,False
2025-06-10 10:08:55.822079489+00:00,14,4,0,0,27.26126317635499,0.9765249181507055,-0.5606262220927738,zonia,0,False
2025-06-10 10:10:40.936806489+00:00,14,4,0,0,27.395969358090895,0.7568137576175887,0.0,zonia,0,False
2025-06-10 10:15:14.204428489+00:00,14,4,0,0,27.403918825219357,0.7554232889963696,0.0,zonia,0,False
2025-06-10 10:30:47.832338489+00:00,14,4,0,0,27.549291578655072,0.9014571051205372,0.0,zonia,0,False
2025-06-10 10:55:16.089674489+00:00,14,4,0,0,27.7650668639394,0.9354593372621419,0.0,zonia,0,False
2025-06-10 11:05:44.328349489+00:00,14,4,0,0,28.29748713429536,0.8782951680758769,0.0,zonia,0,False
2025-06-10 11:05:51.288004489+00:00,14,4,0,0,28.25507430346082,0.865418995623122,0.0,zonia,0,False
2025-06-10 11:12:31.161049489+00:00,14,4,0,0,28.670149686349635,0.9124059322933837,0.0,zonia,0,False
2025-06-10 11:16:04.904479489+00:00,14,4,0,0,28.81851943429558,0.9504286254762275,0.0,zonia,0,False
2025-06-10 12:16:50.018330489+00:00,14,4,0,0,29.160733075993413,1.0331853283631482,0.0,zonia,0,False
2025-06-10 12:17:20.794701489+00:00,14,4,0,0,29.644946773754782,1.0602566178199306,0.0,zonia,0,False
2025-06-10 12:26:58.450660489+00:00,14,4,0,0,30.10867740229885,1.099134439855113,0.0,zonia,0,False
2025-06-10 12:36:32.300182489+00:00,14,4,0,0,29.51202911288975,1.1155421678952773,0.0,zonia,0,False
2025-06-10 13:11:01.310879489+00:00,14,4,0,0,30.06411744703616,1.1265745451234932,0.0,zonia,0,False
2025-06-10 13:15:10.249239489+00:00,14,4,0,0,29.788805578543073,1.1313116618628292,0.0,zonia,0,False
2025-06-10 13:55:10.651640489+00:00,14,4,0,0,30.709083138919574,1.1382332201113918,0.0,zonia,0,False
2025-06-10 14:11:28.361603489+00:00,14,4,0,0,30.631682827287896,1.1404068225019137,0.0,zonia,0,False
2025-06-10 14:12:18.372498489+00:00,14,4,0,0,31.025806426143035,1.150883835405178,0.0,zonia,0,False
2025-06-10 14:23:51.884109489+00:00,14,4,0,0,30.476505070378348,1.1622692150341793,0.0,zonia,0,False
2025-06-10 14:38:26.544841489+00:00,14,4,0,0,30.90509735957636,1.163442586387045,0.0,zonia,0,False
2025-06-10 14:53:21.680288489+00:00,14,4,0,0,30.850809805858933,1.169082354714672,0.0,zonia,0,False
2025-06-10 14:56:54.148314489+00:00,14,4,0,0,30.90632121882206,1.193649311844267,0.0,zonia,0,False
2025-06-10 15:21:35.156490489+00:00,14,4,0,0,31.024794967443544,1.195290177039546,0.0,zonia,0,False
2025-06-10 15:48:49.336281489+00:00,14,4,0,0,31.35237691864756,1.1944836087283888,0.0,zonia,0,False
2025-06-10 16:01:59.690532489+00:00,14,4,0,0,30.690723802700543,1.1983998352366876,0.0,zonia,0,False
2025-06-10 16:51:35.848153489+00:00,14,4,0,0,30.149228037036377,1.2743307384170366,0.0,zonia,0,False
2025-06-10 16:52:11.442457489+00:00,14,4,0,0,29.750854870494102,1.3144167844844525,0.0,zonia,0,False
2025-06-10 16:59:26.758858489+00:00,14,4,0,0,29.89058375674065,1.3106108420774556,0.0,zonia,0,False
2025-06-10 17:21:51.549283489+00:00,14,4,0,0,29.017507858228587,1.307563457250678,0.0,zonia,0,False
2025-06-10 17:49:07.820221489+00:00,14,4,0,0,27.889589555097423,1.3094088608561816,0.0,zonia,0,False
2025-06-10 17:56:41.624879489+00:00,14,4,0,0,27.903983733591016,1.3133188208126891,0.0,zonia,0,False
2025-06-10 18:12:38.561073489+00:00,14,4,0,0,27.085449207093866,1.338522067524671,0.0,zonia,0,False
2025-06-10 18:37:51.065679489+00:00,14,4,0,0,24.745520317730453,1.3494585248262934,0.0,zonia,0,False
2025-06-10 18:42:28.078952489+00:00,14,4,0,0,24.692465338788946,1.3475596777190653,0.0,zonia,0,False
2025-06-10 18:48:09.941177489+00:00,14,4,0,0,24.70586456360629,1.3504780285361702,0.0,zonia,0,False
2025-06-10 18:52:15.610091489+00:00,14,4,0,0,24.1846463682469,1.3220488337971157,0.0,zonia,0,False
2025-06-10 19:24:32.849864489+00:00,14,4,0,0,23.19324784263233,1.3258831396657356,0.0,zonia,0,False
2025-06-10 19:50:33.785476489+00:00,14,4,0,0,22.687276150072375,1.319583504088697,0.0,zonia,0,False
2025-06-10 19:56:28.882643489+00:00,14,4,0,0,22.30675772989357,1.335616868454235,0.0,zonia,0,False
2025-06-10 20:07:54.054608489+00:00,14,4,0,0,22.215994344900675,1.329892623276511,0.0,zonia,0,False
2025-06-10 20:16:57.319528489+00:00,14,4,0,0,22.001787444824345,1.3347673260388482,0.0,zonia,0,False
2025-06-10 20:43:46.995278489+00:00,14,4,0,0,21.256357438791813,1.3387228691245434,0.0,zonia,0,False
2025-06-10 20:49:07.793446489+00:00,14,4,0,0,21.422014063737322,1.3401153142664581,0.0,zonia,0,False
2025-06-10 21:25:06.865194489+00:00,14,4,0,0,20.812272557779163,1.3435714457618404,0.0,zonia,0,False
2025-06-10 21:35:41.711888489+00:00,14,4,0,0,20.17182084276137,1.3478348373170475,0.0,zonia,0,False
2025-06-10 21:46:57.413424489+00:00,14,4,0,0,20.148774037361168,1.346020672460426,0.0,zonia,0,False
2025-06-10 21:49:22.473241489+00:00,14,4,0,0,19.685606536624878,1.3474902065599275,0.0,zonia,0,False
2025-06-10 21:50:18.247866489+00:00,14,4,0,0,19.53550667424723,1.3535424858652212,0.0,zonia,0,False
2025-06-10 22:17:05.011471489+00:00,14,4,0,0,19.488076108007576,1.358327456868675,0.0,zonia,0,False
2025-06-10 22:33:19.704069489+00:00,14,4,0,0,19.345204275174414,1.3631483345809827,0.0,zonia,0,False
2025-06-10 22:42:21.513220489+00:00,14,4,0,0,18.919312356132618,1.3710808495814333,0.0,zonia,0,False
2025-06-10 22:53:00.352322489+00:00,14,4,0,0,18.816228001686184,1.3711058444071105,0.0,zonia,0,False
2025-06-10 22:55:59.160360489+00:00,14,4,0,0,19.192540187579976,1.3731781089971062,0.0,zonia,0,False
2025-06-10 22:58:43.305969489+00:00,14,4,0,0,19.23070024408374,1.375765416144476,0.0,zonia,0,False
2025-06-10 22:58:48.805491489+00:00,14,4,0,0,18.788525821472415,1.3746206169627735,0.0,zonia,0,False
2025-06-10 23:09:07.233526489+00:00,14,4,0,0,18.771894497807274,1.3735543088884028,0.0,zonia,0,False
2025-06-10 23:36:26.671277489+00:00,14,4,0,0,18.631387448178664,1.3736134155012178,0.0,zonia,0,False
2025-06-10 23:46:01.304303489+00:00,14,4,0,0,18.667147393503107,1.3717662495552525,0.0,zonia,0,False
2025-06-11 00:07:27.639255489+00:00,14,4,0,0,18.613640437552686,1.3730407273535508,0.0,zonia,0,False
2025-06-11 00:11:08.240066489+00:00,14,4,0,0,18.240893312369305,1.374838819125896,0.0,zonia,0,False
2025-06-11 00:13:09.728195489+00:00,14,4,0,0,18.765549229040722,1.3793515279470854,0.0,zonia,0,False
2025-06-11 01:00:43.344270489+00:00,14,4,0,0,18.218786247926044,1.3812645229482494,0.0,zonia,0,False
2025-06-11 01:18:25.029004489+00:00,14,4,0,0,17.94168639814051,1.3815633420802722,0.0,zonia,0,False
2025-06-11 01:55:20.351946489+00:00,14,4,0,0,17.66865887400793,1.3820888450083695,0.0,zonia,0,False
2025-06-11 02:01:38.566732489+00:00,14,4,0,0,17.62972099493953,1.382348964039881,0.0,zonia,0,False
2025-06-11 02:08:05.933357489+00:00,14,4,0,0,17.599929350143377,1.379013500200313,0.0,zonia,0,False
2025-06-11 02:51:00.505963489+00:00,14,4,0,0,17.10470783047587,1.3803081135553943,0.0,zonia,0,False
2025-06-11 03:00:49.428812489+00:00,14,4,0,0,17.054570503535835,1.382256918067064,0.0,zonia,0,False
2025-06-11 03:27:54.022387489+00:00,14,4,0,0,16.987914932808437,1.3791467717863584,0.0,zonia,0,False
2025-06-11 04:20:46.947736489+00:00,14,4,0,0,17.734072380516746,1.3793484423927285,0.0,zonia,0,False
2025-06-11 04:26:13.544881489+00:00,14,4,0,0,18.0927148506259,1.379897623256772,0.0,zonia,0,False
2025-06-11 04:29:23.300228489+00:00,14,4,0,0,18.243777578959744,1.380633698077532,0.0,zonia,0,False
2025-06-11 04:38:50.726942489+00:00,14,4,0,0,18.83043126174153,1.3825977325522654,0.0,zonia,0,False
2025-06-11 04:50:06.546195489+00:00,14,4,0,0,19.514939031008574,1.384258269660822,0.0,zonia,0,False
2025-06-11 05:18:46.870262489+00:00,14,4,0,0,20.90203093783154,1.3849213477952613,0.0,zonia,0,False
2025-06-11 05:29:03.090988489+00:00,14,4,0,0,21.66149746491653,1.3766600840856726,0.0,zonia,0,False
2025-06-11 05:34:37.469030489+00:00,14,4,0,0,22.118448508176932,1.3734221349224467,0.0,zonia,0,False
2025-06-11 05:51:04.539924489+00:00,14,4,0,0,22.895507462943606,1.369343654954125,0.0,zonia,0,False
2025-06-11 06:28:17.307183489+00:00,14,4,0,0,25.245232996940477,1.3230306684311368,0.0,zonia,0,False
2025-06-11 06:48:34.705272489+00:00,14,4,0,0,26.58456750092321,1.2951000680504456,0.0,zonia,0,False
2025-06-11 07:29:49.986573489+00:00,14,4,0,0,28.123139094544342,1.3165060523232435,0.0,zonia,0,False
2025-06-11 07:33:00.784953489+00:00,14,4,0,0,27.842940538164044,1.3112676916977186,0.0,zonia,0,False
2025-06-11 08:01:26.175154489+00:00,14,4,0,0,28.847297609496472,1.3166023547312313,0.0,zonia,0,False
2025-06-11 08:07:18.282155489+00:00,14,4,0,0,29.032335123462868,1.3277573846630852,0.0,zonia,0,False
2025-06-11 08:07:31.833847489+00:00,14,4,0,0,29.208037210857285,1.3297597833937096,0.0,zonia,0,False
2025-06-11 09:24:23.872374489+00:00,14,4,0,0,30.48915069564623,1.3235295928532207,0.0,zonia,0,False
2025-06-11 09:37:39.147530489+00:00,14,4,0,0,30.771800219094043,1.2424944560232611,0.0,zonia,0,False
2025-06-11 10:02:49.610129489+00:00,14,4,0,0,31.15602076219105,1.2422375292461445,0.0,zonia,0,False
2025-06-11 10:07:44.507134489+00:00,14,4,0,0,31.229204687232208,1.2399498985991833,0.0,zonia,0,False
2025-06-11 10:08:14.936261489+00:00,14,4,0,0,31.503929224841073,1.2559834625549677,0.0,zonia,0,False
2025-06-11 10:11:57.496747489+00:00,14,4,0,0,31.58128711871747,1.262057168987768,0.0,zonia,0,False
2025-06-11 10:14:45.340825489+00:00,14,4,0,0,31.334341126749898,1.27138772628383,0.0,zonia,0,False
2025-06-11 11:54:43.885877489+00:00,14,4,0,0,31.98827166983431,1.276856060320101,0.0,zonia,0,False
2025-06-11 12:14:39.705224489+00:00,14,4,0,0,32.549649746224404,1.2699362308460491,0.0,zonia,0,False
2025-06-11 12:23:13.981555489+00:00,14,4,0,0,32.26505783612347,1.3051034316261514,0.0,zonia,0,False
2025-06-11 12:25:56.500067489+00:00,14,4,0,0,32.17705059819601,1.2969815582617437,0.0,zonia,0,False
2025-06-11 12:28:05.591300489+00:00,14,4,0,0,31.844922705939215,1.2981687480740574,0.0,zonia,0,False
2025-06-11 12:49:22.352916489+00:00,14,4,0,0,32.963638253925836,1.3063727225915,0.0,zonia,0,False
2025-06-11 13:07:54.164377489+00:00,14,4,0,0,33.262854827912975,1.3117427771137504,0.0,zonia,0,False
2025-06-11 13:20:00.873741489+00:00,14,4,0,0,32.32207675243645,1.1708114847452147,0.0,zonia,0,False
2025-06-11 13:23:35.102027489+00:00,14,4,0,0,33.0354611740334,1.184326399411583,0.0,zonia,0,False
2025-06-11 13:45:54.919592489+00:00,14,4,0,0,32.87107767045901,1.1749253157573105,0.0,zonia,0,False
2025-06-11 14:15:45.383424489+00:00,14,4,0,0,33.159010946945365,1.1969119224921063,0.0,zonia,0,False
2025-06-11 14:27:19.565529489+00:00,14,4,0,0,33.02226069340941,1.2058932285039154,0.0,zonia,0,False
2025-06-11 14:29:28.021896489+00:00,14,4,0,0,32.74151738974568,1.2518022545144862,0.0,zonia,0,False
2025-06-11 15:06:06.288099489+00:00,14,4,0,0,32.67958222661867,1.2503784571028895,0.0,zonia,0,False
2025-06-11 15:14:54.242511489+00:00,14,4,0,0,32.242387228957995,1.2442890023860715,0.0,zonia,0,False
2025-06-11 15:21:05.876490489+00:00,14,4,0,0,32.04818787622942,1.2519065353190855,0.0,zonia,0,False
2025-06-11 15:59:21.959753489+00:00,14,4,0,0,31.912879902972623,1.2604620433484064,0.0,zonia,0,False
2025-06-11 16:28:55.136736489+00:00,14,4,0,0,30.943406851298967,1.280179414564402,0.0,zonia,0,False
2025-06-11 16:47:43.373592489+00:00,14,4,0,0,30.358449270712747,1.307417263483411,0.0,zonia,0,False
2025-06-11 16:51:45.513290489+00:00,14,4,0,0,30.347054462925897,1.317926748567999,0.0,zonia,0,False
2025-06-11 16:52:26.473595489+00:00,14,4,0,0,30.300583309768513,1.3229605893696685,0.0,zonia,0,False
2025-06-11 17:03:52.798337489+00:00,14,4,0,0,29.733424155185688,1.3250045972404862,0.0,zonia,0,False
2025-06-11 17:12:00.881375489+00:00,14,4,0,0,29.36227836881734,1.3300544040780957,0.0,zonia,0,False
2025-06-11 17:36:22.475533489+00:00,14,4,0,0,28.898488230547006,1.3452717717619485,0.0,zonia,0,False
2025-06-11 17:55:16.734663489+00:00,14,4,0,0,28.091130101127966,1.3470626298974218,0.0,zonia,0,False
2025-06-11 18:01:31.346676489+00:00,14,4,0,0,28.07414727081874,1.3491714964928363,0.0,zonia,0,False
2025-06-11 18:01:37.695238489+00:00,14,4,0,0,28.101181350576653,1.3569690574499096,0.0,zonia,0,False
2025-06-11 18:33:53.756415489+00:00,14,4,0,0,26.420153403278608,1.358215938151146,0.0,zonia,0,False
2025-06-11 18:37:22.951522489+00:00,14,4,0,0,26.428572836798764,1.3614131407592458,0.0,zonia,0,False
2025-06-11 18:43:46.939273489+00:00,14,4,0,0,26.119397855196645,1.3633332857895146,0.0,zonia,0,False
2025-06-11 18:47:39.553579489+00:00,14,4,0,0,25.82068809735897,1.3684719185934116,0.0,zonia,0,False
2025-06-11 19:06:31.451675489+00:00,14,4,0,0,24.914899938474605,1.3709550469090532,0.0,zonia,0,False
2025-06-11 19:11:42.810106489+00:00,14,4,0,0,24.599260716638707,1.3755871981970134,0.0,zonia,0,False
2025-06-11 19:37:05.598811489+00:00,14,4,0,0,23.38354241230196,1.3765972320895825,0.0,zonia,0,False
2025-06-11 20:12:19.369282489+00:00,14,4,0,0,22.658178587246507,1.377701571850645,0.0,zonia,0,False
2025-06-11 20:17:57.141054489+00:00,14,4,0,0,22.438942290429043,1.3776194953649226,0.0,zonia,0,False
2025-06-11 20:26:22.870249489+00:00,14,4,0,0,22.57431977510945,1.3783046865586024,0.0,zonia,0,False
2025-06-11 20:39:37.941630489+00:00,14,4,0,0,22.46764269141161,1.3814435858998664,0.0,zonia,0,False
2025-06-11 20:48:30.318796489+00:00,14,4,0,0,21.932889985388687,1.3776045193298354,0.0,zonia,0,False
2025-06-11 20:53:15.441353489+00:00,14,4,0,0,21.93005061865491,1.377196771625109,0.0,zonia,0,False
2025-06-11 21:00:49.425190489+00:00,14,4,0,0,21.450361663784857,1.3805239689014142,0.0,zonia,0,False
2025-06-11 21:03:24.740151489+00:00,14,4,0,0,21.388197611108453,1.381968516264615,0.0,zonia,0,False
2025-06-11 21:35:32.696133489+00:00,14,4,0,0,21.141856792851154,1.3821653992833485,0.0,zonia,0,False
2025-06-11 21:51:26.823192489+00:00,14,4,0,0,20.83130337228815,1.3778330608519047,0.0,zonia,0,False
2025-06-11 23:17:38.675663489+00:00,14,4,0,0,19.57142811955233,1.3766198037172734,0.0,zonia,0,False
2025-06-11 23:23:16.740952489+00:00,14,4,0,0,19.646249039386433,1.3758750026013586,0.0,zonia,0,False
2025-06-11 23:35:11.987662489+00:00,14,4,0,0,19.240973524641028,1.3777757184961197,0.0,zonia,0,False
2025-06-11 23:49:38.672056489+00:00,14,4,0,0,19.009753161056626,1.3714181272076247,0.0,zonia,0,False
2025-06-11 23:53:41.703608489+00:00,14,4,0,0,19.498265018317134,1.3717178983396914,0.0,zonia,0,False
2025-06-11 23:56:55.903272489+00:00,14,4,0,0,19.363163047036437,1.366188243112347,0.0,zonia,0,False
2025-06-12 00:10:58.239126489+00:00,14,4,0,0,19.070991263648526,1.3640983124633936,0.0,zonia,0,False
2025-06-12 00:27:18.187587489+00:00,14,4,0,0,19.01702963660033,1.369773302271625,0.0,zonia,0,False
2025-06-12 00:59:33.860022489+00:00,14,4,0,0,18.623535995418525,1.3688984540174205,0.0,zonia,0,False
2025-06-12 01:39:12.779195489+00:00,14,4,0,0,18.229942789761722,1.3689201175243908,0.0,zonia,0,False
2025-06-12 01:49:35.314032489+00:00,14,4,0,0,18.165408538604616,1.3714636670870441,0.0,zonia,0,False
2025-06-12 02:06:58.476518489+00:00,14,4,0,0,17.9426310478707,1.3453475039346565,0.0,zonia,0,False
2025-06-12 02:15:14.831129489+00:00,14,4,0,0,17.9523532342751,1.3592178579923198,0.0,zonia,0,False
2025-06-12 02:27:16.802468489+00:00,14,4,0,0,17.92236585074246,1.3596372340559963,0.0,zonia,0,False
2025-06-12 02:39:23.075698489+00:00,14,4,0,0,17.93627666768755,1.3608287868915652,0.0,zonia,0,False
2025-06-12 02:57:42.651314489+00:00,14,4,0,0,16.886703861639585,1.3635235061017905,0.0,zonia,0,False
2025-06-12 03:01:13.355996489+00:00,14,4,0,0,17.615300412344023,1.367462930717144,0.0,zonia,0,False
2025-06-12 03:07:27.764883489+00:00,14,4,0,0,17.011655902599276,1.3717275078057507,0.0,zonia,0,False
2025-06-12 03:07:52.746092489+00:00,14,4,0,0,16.925266992901573,1.3736594935376387,0.0,zonia,0,False
2025-06-12 03:54:24.512401489+00:00,14,4,0,0,16.573586290285533,1.3778778168981354,0.0,zonia,0,False
2025-06-12 04:54:04.278340489+00:00,14,4,0,0,19.370727198548362,1.3766936507218912,0.0,zonia,0,False
2025-06-12 05:07:16.507971489+00:00,14,4,0,0,20.117123349737074,1.3762336239024695,0.0,zonia,0,False
2025-06-12 05:12:55.692567489+00:00,14,4,0,0,20.4851526413043,1.366137296389177,0.0,zonia,0,False
2025-06-12 05:32:02.312519489+00:00,14,4,0,0,21.353613519156266,1.3697502857961479,0.0,zonia,0,False
2025-06-12 05:58:51.361572489+00:00,14,4,0,0,22.996156409715617,1.364372843277986,0.0,zonia,0,False
2025-06-12 06:11:58.181541489+00:00,14,4,0,0,23.318073744315562,1.3647343095942486,0.0,zonia,0,False
2025-06-12 06:15:16.591241489+00:00,14,4,0,0,23.502669830690937,1.36384825149027,0.0,zonia,0,False
2025-06-12 06:19:08.541100489+00:00,14,4,0,0,23.64364552348864,1.3678130484465032,0.0,zonia,0,False
2025-06-12 06:31:44.884046489+00:00,14,4,0,0,24.32090500971605,1.3717538794577924,0.0,zonia,0,False
2025-06-12 06:51:02.025472489+00:00,14,4,0,0,25.511352045064005,1.3746350910642309,0.0,zonia,0,False
2025-06-12 07:26:16.985806489+00:00,14,4,0,0,27.724472592948302,1.3744542880034942,0.0,zonia,0,False
2025-06-12 07:27:18.640169489+00:00,14,4,0,0,27.624931216598448,1.3749851312592989,0.0,zonia,0,False
2025-06-12 07:32:57.884300489+00:00,14,4,0,0,27.242225731251896,1.3767464027599168,0.0,zonia,0,False
2025-06-12 07:42:23.262126489+00:00,14,4,0,0,27.84341691220173,1.3776779197071254,0.0,zonia,0,False
2025-06-12 07:57:47.271590489+00:00,14,4,0,0,28.51347508756313,1.3781809763663078,0.0,zonia,0,False
2025-06-12 08:04:04.331991489+00:00,14,4,0,0,28.581253704449175,1.3770756092030016,0.0,zonia,0,False
2025-06-12 08:12:49.615107489+00:00,14,4,0,0,28.90289666951596,1.3807475296018792,0.0,zonia,0,False
2025-06-12 08:21:03.333156489+00:00,14,4,0,0,28.99305420942399,1.37970181276454,0.0,zonia,0,False
2025-06-12 09:07:22.856950489+00:00,14,4,0,0,29.743649825682994,1.378247261955826,0.0,zonia,0,False
2025-06-12 09:59:24.041954489+00:00,14,4,0,0,30.375358396431363,1.3770776297117011,0.0,zonia,0,False
2025-06-12 10:21:05.688790489+00:00,14,4,0,0,30.778598090732434,1.3705011343459383,0.0,zonia,0,False
2025-06-12 10:29:11.096780489+00:00,14,4,0,0,31.06138569140195,1.366998712190615,0.0,zonia,0,False
2025-06-12 10:46:53.435157489+00:00,14,4,0,0,31.684949294542626,1.363412157339889,0.0,zonia,0,False
2025-06-12 10:48:16.406233489+00:00,14,4,0,0,31.272572511075552,1.3612409141339088,0.0,zonia,0,False
2025-06-12 10:49:34.077672489+00:00,14,4,0,0,30.96165151062187,1.361621449318489,0.0,zonia,0,False
2025-06-12 10:59:18.664985489+00:00,14,4,0,0,31.459839306389018,1.3608914290019574,0.0,zonia,0,False
2025-06-12 11:00:36.037769489+00:00,14,4,0,0,31.220426508743408,1.3639689345410209,0.0,zonia,0,False
2025-06-12 11:28:00.425145489+00:00,14,4,0,0,31.884926598950525,1.3605479451443803,0.0,zonia,0,False
2025-06-12 11:36:59.446480489+00:00,14,4,0,0,31.749706319603312,1.3576203840724401,0.0,zonia,0,False
2025-06-12 11:43:39.962236489+00:00,14,4,0,0,31.87037722769133,1.357319728259953,0.0,zonia,0,False
2025-06-12 11:52:09.379322489+00:00,14,4,0,0,31.76348179276098,1.3443455981266788,0.0,zonia,0,False
2025-06-12 12:07:19.046911489+00:00,14,4,0,0,32.19408359809778,1.339929565728367,0.0,zonia,0,False
2025-06-12 12:12:51.700186489+00:00,14,4,0,0,32.47883098951899,1.343193195312556,0.0,zonia,0,False
2025-06-12 12:13:27.659068489+00:00,14,4,0,0,32.46803063022283,1.3468120111314867,0.0,zonia,0,False
2025-06-12 12:23:16.664110489+00:00,14,4,0,0,32.27925685198137,1.3453725078791205,0.0,zonia,0,False
2025-06-12 12:34:59.163296489+00:00,14,4,0,0,32.96199547268484,1.346947896813679,0.0,zonia,0,False
2025-06-12 12:36:18.015849489+00:00,14,4,0,0,32.86006013089167,1.3432633705335932,0.0,zonia,0,False
2025-06-12 12:46:41.812391489+00:00,14,4,0,0,32.7122894732611,1.3439343833628512,0.0,zonia,0,False
2025-06-12 12:58:38.782670489+00:00,14,4,0,0,32.71695957219785,1.3422438528764384,0.0,zonia,0,False
2025-06-12 13:02:45.307155489+00:00,14,4,0,0,32.951017497055325,1.343738633081919,0.0,zonia,0,False
2025-06-12 13:10:37.915437489+00:00,14,4,0,0,33.38023785110876,1.3424353032052232,0.0,zonia,0,False
2025-06-12 13:20:53.106666489+00:00,14,4,0,0,32.95695791975953,1.3427458098428635,0.0,zonia,0,False
2025-06-12 13:52:49.907494489+00:00,14,4,0,0,33.46167881892409,1.3525226175565932,0.0,zonia,0,False
2025-06-12 14:04:49.682887489+00:00,14,4,0,0,32.91481056058931,1.354814669607053,0.0,zonia,0,False
2025-06-12 14:41:25.250788489+00:00,14,4,0,0,33.36072829215704,1.3534160895673426,0.0,zonia,0,False
2025-06-12 14:56:16.422099489+00:00,14,4,0,0,33.238782114568366,1.3463380358610704,0.0,zonia,0,False
2025-06-12 14:59:10.632915489+00:00,14,4,0,0,33.52191580950575,1.3402234629103131,0.0,zonia,0,False
2025-06-12 15:04:50.594486489+00:00,14,4,0,0,32.929369876015734,1.3387799348709786,0.0,zonia,0,False
2025-06-12 16:10:54.220789489+00:00,14,4,0,0,31.83074352061472,1.337323431415556,0.0,zonia,0,False
2025-06-12 16:40:00.554517489+00:00,14,4,0,0,31.028113075210914,1.3387291658582832,0.0,zonia,0,False
2025-06-12 16:46:46.631775489+00:00,14,4,0,0,30.858258420328195,1.3433162354067767,0.0,zonia,0,False
2025-06-12 17:07:23.114211489+00:00,14,4,0,0,29.992246972893103,1.3454259470773218,0.0,zonia,0,False
2025-06-12 17:46:00.212872489+00:00,14,4,0,0,28.825514181727506,1.3536703775554713,0.0,zonia,0,False
2025-06-12 18:43:28.616940489+00:00,14,4,0,0,26.033150111272054,1.3409447504469572,0.0,zonia,0,False
2025-06-12 18:55:36.113235489+00:00,14,4,0,0,25.64933302050509,1.3371285961150754,0.0,zonia,0,False
2025-06-12 19:03:26.596536489+00:00,14,4,0,0,25.43574411392262,1.3418893017680626,0.0,zonia,0,False
2025-06-12 19:05:21.938198489+00:00,14,4,0,0,25.554798435887992,1.3468354962310733,0.0,zonia,0,False
2025-06-12 19:23:34.319488489+00:00,14,4,0,0,24.553686124746996,1.3426269388644525,0.0,zonia,0,False
2025-06-12 19:34:31.124582489+00:00,14,4,0,0,23.426576949833127,1.345458555717125,0.0,zonia,0,False
2025-06-12 19:48:05.074034489+00:00,14,4,0,0,23.509502612289026,1.3556360373743828,0.0,zonia,0,False
2025-06-12 19:53:00.127210489+00:00,14,4,0,0,23.321634760871444,1.3575465019246489,0.0,zonia,0,False
2025-06-12 20:00:57.774306489+00:00,14,4,0,0,23.4203235350325,1.365808888546558,0.0,zonia,0,False
2025-06-12 20:03:27.326498489+00:00,14,4,0,0,23.08558937230643,1.366285197277956,0.0,zonia,0,False
2025-06-12 20:03:52.515959489+00:00,14,4,0,0,22.969877525236633,1.3669708516295294,0.0,zonia,0,False
2025-06-12 20:06:19.187394489+00:00,14,4,0,0,23.060443009042114,1.3686043131426104,0.0,zonia,0,False
2025-06-12 20:07:07.343102489+00:00,14,4,0,0,22.582164144157126,1.3720914218333593,0.0,zonia,0,False
2025-06-12 20:21:51.155090489+00:00,14,4,0,0,22.59474590785097,1.3760879890990476,0.0,zonia,0,False
2025-06-12 20:26:07.355370489+00:00,14,4,0,0,22.548757990568546,1.378993972631539,0.0,zonia,0,False
2025-06-12 20:45:22.411968489+00:00,14,4,0,0,21.99666888298989,1.3797263002180296,0.0,zonia,0,False
2025-06-12 20:45:32.791423489+00:00,14,4,0,0,22.074993104402544,1.378617190748891,0.0,zonia,0,False
2025-06-12 20:55:51.778963489+00:00,14,4,0,0,21.99017896216884,1.3765329293905912,0.0,zonia,0,False
2025-06-12 21:22:32.913697489+00:00,14,4,0,0,21.459934451606305,1.3759240941912556,0.0,zonia,0,False
2025-06-12 21:33:34.356007489+00:00,14,4,0,0,21.178790109494624,1.3769927090701464,0.0,zonia,0,False
2025-06-12 21:35:12.936972489+00:00,14,4,0,0,21.122855927728796,1.3789571960641334,0.0,zonia,0,False
2025-06-12 21:36:18.224062489+00:00,14,4,0,0,21.15958211435986,1.3784517480167149,0.0,zonia,0,False
2025-06-12 21:49:16.102656489+00:00,14,4,0,0,21.410435114284688,1.3695796923662837,0.0,zonia,0,False
2025-06-12 21:50:06.320828489+00:00,14,4,0,0,21.11758281330363,1.3662027292711998,0.0,zonia,0,False
2025-06-12 22:00:46.334529489+00:00,14,4,0,0,21.27641376409221,1.3665746216751695,0.0,zonia,0,False
2025-06-12 22:07:01.766894489+00:00,14,4,0,0,21.035943977938523,1.3626069695302436,0.0,zonia,0,False
2025-06-12 22:09:02.393624489+00:00,14,4,0,0,20.866627854925916,1.3563373785094985,0.0,zonia,0,False
2025-06-12 22:14:27.361322489+00:00,14,4,0,0,21.30389508499603,1.3553801359618283,0.0,zonia,0,False
2025-06-12 22:21:05.612961489+00:00,14,4,0,0,21.57737121711722,1.3518054042469159,0.0,zonia,0,False
2025-06-12 22:56:09.556782489+00:00,14,4,0,0,20.980972142322482,1.3455768327360658,0.0,zonia,0,False
2025-06-12 23:11:53.885030489+00:00,14,4,0,0,19.792313985139252,1.3440576428520843,0.0,zonia,0,False
2025-06-12 23:11:56.132374489+00:00,14,4,0,0,20.729415036892597,1.3339208513161505,0.0,zonia,0,False
2025-06-12 23:20:53.543239489+00:00,14,4,0,0,20.318988379908994,1.3311785556128863,0.0,zonia,0,False
2025-06-12 23:31:18.021031489+00:00,14,4,0,0,20.213015321218602,1.3283716982422735,0.0,zonia,0,False
2025-06-12 23:39:13.066442489+00:00,14,4,0,0,20.23469773217456,1.326305313343596,0.0,zonia,0,False
2025-06-12 23:51:29.233429489+00:00,14,4,0,0,20.09623539500589,1.337701168344927,0.0,zonia,0,False
2025-06-13 00:06:36.290863489+00:00,14,4,0,0,19.90910646829778,1.340700228094232,0.0,zonia,0,False
2025-06-13 00:47:10.359503489+00:00,14,4,0,0,19.320914793929763,1.3432429017294933,0.0,zonia,0,False
2025-06-13 01:18:33.752373489+00:00,14,4,0,0,18.965860644452622,1.3456295637309417,0.0,zonia,0,False
2025-06-13 01:27:31.781275489+00:00,14,4,0,0,18.599643659216582,1.3502200864265546,0.0,zonia,0,False
2025-06-13 01:27:58.886647489+00:00,14,4,0,0,19.213702985722577,1.356807412853285,0.0,zonia,0,False
2025-06-13 01:30:33.161375489+00:00,14,4,0,0,18.44319936773135,1.3593889526278689,0.0,zonia,0,False
2025-06-13 02:05:32.407555489+00:00,14,4,0,0,18.543957276236473,1.3600165082526101,0.0,zonia,0,False
2025-06-13 02:13:19.350075489+00:00,14,4,0,0,18.167996051627814,1.359093216369353,0.0,zonia,0,False
2025-06-13 02:39:05.041213489+00:00,14,4,0,0,18.36101254761573,1.3633414025463821,0.0,zonia,0,False
2025-06-13 02:39:27.980188489+00:00,14,4,0,0,18.282408999305684,1.3705357357498977,0.0,zonia,0,False
2025-06-13 02:54:43.615340489+00:00,14,4,0,0,18.264094870571363,1.3726369170847799,0.0,zonia,0,False
2025-06-13 03:07:10.158057489+00:00,14,4,0,0,18.258690156614147,1.3766430771832705,0.0,zonia,0,False
2025-06-13 03:21:20.568452489+00:00,14,4,0,0,17.915744158526916,1.379713840978002,0.0,zonia,0,False
2025-06-13 03:55:26.608709489+00:00,14,4,0,0,17.900577518949653,1.380547173806118,0.0,zonia,0,False
2025-06-13 03:59:55.762035489+00:00,14,4,0,0,17.788105645636833,1.3822751282276555,0.0,zonia,0,False
2025-06-13 04:05:04.009520489+00:00,14,4,0,0,17.662990979814936,1.3825926434004416,0.0,zonia,0,False
2025-06-13 04:18:14.587566489+00:00,14,4,0,0,18.34087622261817,1.3816311689451515,0.0,zonia,0,False
2025-06-13 04:29:48.183103489+00:00,14,4,0,0,18.511710194860864,1.3839914812825163,0.0,zonia,0,False
2025-06-13 05:06:47.791570489+00:00,14,4,0,0,21.051443162799053,1.379126193166473,0.0,zonia,0,False
2025-06-13 05:20:16.959373489+00:00,14,4,0,0,21.443028868173762,1.377055561121843,0.0,zonia,0,False
2025-06-13 05:36:31.614427489+00:00,14,4,0,0,22.60270561961895,1.3732837740052906,0.0,zonia,0,False
2025-06-13 05:57:14.212172489+00:00,14,4,0,0,24.033698460471573,1.3570773277894737,0.0,zonia,0,False
2025-06-13 06:19:34.297593489+00:00,14,4,0,0,25.11473209960004,1.2224215204461615,0.0,zonia,0,False
2025-06-13 06:21:16.374841489+00:00,14,4,0,0,24.91860341306115,1.1856416487675903,0.0,zonia,0,False
2025-06-13 06:37:37.539079489+00:00,14,4,0,0,26.553771945481877,1.1798719968274516,0.0,zonia,0,False
2025-06-13 06:49:27.959215489+00:00,14,4,0,0,26.88198377317507,1.1826631973954003,0.0,zonia,0,False
2025-06-13 06:52:31.520668489+00:00,14,4,0,0,26.858679555144384,1.183868214072689,0.0,zonia,0,False
2025-06-13 08:07:50.195022489+00:00,14,4,0,0,30.039000917608487,1.1944089146721133,0.0,zonia,0,False
2025-06-13 08:38:45.758038489+00:00,14,4,0,0,30.31698267548449,1.2814398483716167,0.0,zonia,0,False
2025-06-13 08:40:09.652873489+00:00,14,4,0,0,30.48712687950374,1.2838423403283215,0.0,zonia,0,False
2025-06-13 08:59:15.003944489+00:00,14,4,0,0,30.80127207919326,1.298467959057699,0.0,zonia,0,False
2025-06-13 08:59:50.815551489+00:00,14,4,0,0,30.83544640996659,1.3274812501256874,0.0,zonia,0,False
2025-06-13 09:06:17.862977489+00:00,14,4,0,0,30.6994923497501,1.2858767805759508,0.0,zonia,0,False
2025-06-13 09:08:05.610812489+00:00,14,4,0,0,30.39094747378396,1.284498538081755,0.0,zonia,0,False
2025-06-13 09:16:40.398428489+00:00,14,4,0,0,30.922793365005294,1.3201138018635965,0.0,zonia,0,False
2025-06-13 09:26:45.399905489+00:00,14,4,0,0,31.195601387367983,1.3283103518883503,0.0,zonia,0,False
2025-06-13 09:27:08.199863489+00:00,14,4,0,0,31.548367713637976,1.3432105853728533,0.0,zonia,0,False
2025-06-13 09:32:02.346926489+00:00,14,4,0,0,31.55939943056983,1.3494128309821396,0.0,zonia,0,False
2025-06-13 09:37:15.936732489+00:00,14,4,0,0,31.365627370917572,1.3511970124926471,0.0,zonia,0,False
2025-06-13 09:49:59.410641489+00:00,14,4,0,0,31.514855674171265,1.345629038211595,0.0,zonia,0,False
2025-06-13 10:19:26.867028489+00:00,14,4,0,0,32.46696580465787,1.3470983970563548,0.0,zonia,0,False
2025-06-13 10:22:12.394559489+00:00,14,4,0,0,32.500458136313526,1.3477809754282486,0.0,zonia,0,False
2025-06-13 10:28:44.727008489+00:00,14,4,0,0,32.70196394325234,1.348354807942948,0.0,zonia,0,False
2025-06-13 10:37:21.476150489+00:00,14,4,0,0,32.91759413407151,1.3477960274697582,0.0,zonia,0,False
2025-06-13 10:37:34.757976489+00:00,14,4,0,0,32.88203214050521,1.347427731236969,0.0,zonia,0,False
2025-06-13 10:39:45.998520489+00:00,14,4,0,0,33.02983954067146,1.3500020094231024,0.0,zonia,0,False
2025-06-13 10:49:07.975838489+00:00,14,4,0,0,32.764630452444386,1.34611871038253,0.0,zonia,0,False
2025-06-13 11:10:50.620076489+00:00,14,4,0,0,33.10897009608255,1.3529363648375634,0.0,zonia,0,False
2025-06-13 11:12:43.085116489+00:00,14,4,0,0,32.993323776534254,1.3540956816338627,0.0,zonia,0,False
2025-06-13 11:28:36.957641489+00:00,14,4,0,0,33.260252390369764,1.358235145851329,0.0,zonia,0,False
2025-06-13 11:32:24.122338489+00:00,14,4,0,0,33.06616378080655,1.359518495575883,0.0,zonia,0,False
2025-06-13 11:47:35.009146489+00:00,14,4,0,0,33.230457621674745,1.360284076560495,0.0,zonia,0,False
2025-06-13 11:51:43.944396489+00:00,14,4,0,0,33.40601992619684,1.357862854409031,0.0,zonia,0,False
2025-06-13 11:52:54.031169489+00:00,14,4,0,0,33.10099429457387,1.3606900728804212,0.0,zonia,0,False
2025-06-13 12:17:52.545540489+00:00,14,4,0,0,33.52794318436656,1.3501334743888986,0.0,zonia,0,False
2025-06-13 12:32:09.534032489+00:00,14,4,0,0,33.541308860189645,1.3463308937604144,0.0,zonia,0,False
2025-06-13 13:05:50.218456489+00:00,14,4,0,0,34.39686427739683,1.3485457026764542,0.0,zonia,0,False
2025-06-13 13:24:52.772764489+00:00,14,4,0,0,34.3604125866166,1.3464474246323808,0.0,zonia,0,False
2025-06-13 13:36:35.425905489+00:00,14,4,0,0,33.80887505171764,1.3401786061525967,0.0,zonia,0,False
2025-06-13 13:49:04.472205489+00:00,14,4,0,0,34.25802576680922,1.3402477510963313,0.0,zonia,0,False
2025-06-13 14:02:01.355747489+00:00,14,4,0,0,35.01966403004947,1.3484902578374425,0.0,zonia,0,False
2025-06-13 14:04:08.821229489+00:00,14,4,0,0,34.21178727582753,1.3457005598496363,0.0,zonia,0,False
2025-06-13 14:11:23.635094489+00:00,14,4,0,0,34.27097754998101,1.3425892850809045,0.0,zonia,0,False
2025-06-13 14:23:10.726802489+00:00,14,4,0,0,34.05588743603395,1.3386064039450536,0.0,zonia,0,False
2025-06-13 14:36:10.050880489+00:00,14,4,0,0,34.65698886878477,1.3351593449126131,0.0,zonia,0,False
2025-06-13 14:51:22.436667489+00:00,14,4,0,0,33.91372633784156,1.3298457441654468,0.0,zonia,0,False
2025-06-13 15:06:08.608972489+00:00,14,4,0,0,33.410223021753936,1.3308738809278866,0.0,zonia,0,False
2025-06-13 15:07:36.570411489+00:00,14,4,0,0,33.107375654152285,1.3287115957221607,0.0,zonia,0,False
2025-06-13 15:12:44.433076489+00:00,14,4,0,0,32.81811434945204,1.3158380003690184,0.0,zonia,0,False
2025-06-13 15:12:55.622848489+00:00,14,4,0,0,32.84902027590023,1.3141458839092903,0.0,zonia,0,False
2025-06-13 15:33:39.029608489+00:00,14,4,0,0,32.61545211315292,1.3150435918269059,0.0,zonia,0,False
2025-06-13 15:44:49.551920489+00:00,14,4,0,0,33.24744071977485,1.3353979946789718,0.0,zonia,0,False
2025-06-13 15:49:49.639044489+00:00,14,4,0,0,32.695563854702435,1.333953299820543,0.0,zonia,0,False
2025-06-13 15:50:48.804405489+00:00,14,4,0,0,32.90130431581013,1.3373817748234873,0.0,zonia,0,False
2025-06-13 16:18:00.223625489+00:00,14,4,0,0,32.25186658807374,1.3388766666817542,0.0,zonia,0,False
2025-06-13 16:39:19.021615489+00:00,14,4,0,0,31.540844540056018,1.3378889076443339,0.0,zonia,0,False
2025-06-13 16:50:39.255707489+00:00,14,4,0,0,31.434588625764185,1.3377969194261816,0.0,zonia,0,False
2025-06-13 16:56:38.832977489+00:00,14,4,0,0,31.129434619695605,1.2568480010713468,0.0,zonia,0,False
2025-06-13 17:14:40.370595489+00:00,14,4,0,0,31.135908114755917,1.2611087943093924,0.0,zonia,0,False
2025-06-13 17:41:02.971195489+00:00,14,4,0,0,29.910382640786715,1.2620653650465727,0.0,zonia,0,False
2025-06-13 18:36:00.043145489+00:00,14,4,0,0,27.44719379658912,1.2652973180827085,0.0,zonia,0,False
2025-06-13 18:37:15.938974489+00:00,14,4,0,0,27.56013328019198,1.2699933158397374,0.0,zonia,0,False
2025-06-13 18:39:35.552352489+00:00,14,4,0,0,27.395687552302284,1.2716891965905113,0.0,zonia,0,False
2025-06-13 18:42:00.971648489+00:00,14,4,0,0,26.833012170034014,1.2748129219200672,0.0,zonia,0,False
2025-06-13 18:45:01.756117489+00:00,14,4,0,0,27.019354486268796,1.3243620126823696,0.0,zonia,0,False
2025-06-13 19:02:46.672477489+00:00,14,4,0,0,25.7460304156637,1.3181800356430342,0.0,zonia,0,False
2025-06-13 19:13:07.341492489+00:00,14,4,0,0,24.650747881443507,1.2728068611062537,0.0,zonia,0,False
2025-06-13 19:13:09.519431489+00:00,14,4,0,0,25.13218792561707,1.2328928986374075,0.0,zonia,0,False
2025-06-13 19:18:37.361769489+00:00,14,4,0,0,25.468961496840336,1.2688194682696001,0.0,zonia,0,False
2025-06-13 19:24:56.625855489+00:00,14,4,0,0,24.725185870955137,1.2611272118581063,0.0,zonia,0,False
2025-06-13 19:41:29.025809489+00:00,14,4,0,0,24.253015914420818,1.2872996124005192,0.0,zonia,0,False
2025-06-13 19:57:12.442755489+00:00,14,4,0,0,23.90620369123129,1.2943688281921513,0.0,zonia,0,False
2025-06-13 20:06:06.685363489+00:00,14,4,0,0,23.478818765838614,1.31000575299653,0.0,zonia,0,False
2025-06-13 20:07:29.245716489+00:00,14,4,0,0,23.641312895987816,1.3184852732718622,0.0,zonia,0,False
2025-06-13 20:12:17.013250489+00:00,14,4,0,0,23.512471122929185,1.3290976247979305,0.0,zonia,0,False
2025-06-13 20:30:20.726701489+00:00,14,4,0,0,23.26749457362624,1.3436004605254495,0.0,zonia,0,False
2025-06-13 20:43:34.872477489+00:00,14,4,0,0,23.273778658369963,1.3486153230391094,0.0,zonia,0,False
2025-06-13 21:04:05.904263489+00:00,14,4,0,0,22.639343963085487,1.3542608746724845,0.0,zonia,0,False
2025-06-13 21:08:46.722335489+00:00,14,4,0,0,22.48663691113386,1.3583875474078397,0.0,zonia,0,False
2025-06-13 21:25:39.755961489+00:00,14,4,0,0,22.219717853363765,1.360368618978823,0.0,zonia,0,False
2025-06-13 21:25:51.722969489+00:00,14,4,0,0,22.074719302465166,1.3620026312754614,0.0,zonia,0,False
2025-06-13 21:45:08.571032489+00:00,14,4,0,0,21.663749308342855,1.3631644391358648,0.0,zonia,0,False
2025-06-13 22:16:23.283273489+00:00,14,4,0,0,21.875960725788612,1.3529992230038932,0.0,zonia,0,False
2025-06-13 22:37:23.960419489+00:00,14,4,0,0,21.73556325953813,1.338560229348436,0.0,zonia,0,False
2025-06-13 22:43:26.953569489+00:00,14,4,0,0,20.82464677705508,1.3254081665363107,0.0,zonia,0,False
2025-06-13 23:18:04.662677489+00:00,14,4,0,0,20.227910727400396,1.3222941848092482,0.0,zonia,0,False
2025-06-13 23:22:57.013760489+00:00,14,4,0,0,20.363772767366697,1.325391468096837,0.0,zonia,0,False
2025-06-13 23:27:06.730049489+00:00,14,4,0,0,19.88097286886624,1.3372849609431474,0.0,zonia,0,False
2025-06-13 23:41:00.314164489+00:00,14,4,0,0,20.28431018881578,1.341270098879076,0.0,zonia,0,False
2025-06-14 00:25:08.296192489+00:00,14,4,0,0,18.765985520421193,1.3457102009228972,0.0,zonia,0,False
2025-06-14 00:51:05.539591489+00:00,14,4,0,0,19.23931648402916,1.3424138477358734,0.0,zonia,0,False
2025-06-14 00:53:05.708692489+00:00,14,4,0,0,18.849350343964627,1.3516703040975442,0.0,zonia,0,False
2025-06-14 01:25:44.446680489+00:00,14,4,0,0,18.75717358694318,1.3493151221051867,0.0,zonia,0,False
2025-06-14 01:29:38.700761489+00:00,14,4,0,0,18.613910324180274,1.3461935652972472,0.0,zonia,0,False
2025-06-14 01:36:26.809363489+00:00,14,4,0,0,18.574733678347744,1.3449078977923372,0.0,zonia,0,False
2025-06-14 01:40:51.219673489+00:00,14,4,0,0,18.201344795861104,1.3483355083205675,0.0,zonia,0,False
2025-06-14 01:41:44.227431489+00:00,14,4,0,0,18.225117909703187,1.3499814369035148,0.0,zonia,0,False
2025-06-14 01:41:50.275096489+00:00,14,4,0,0,18.361157537098617,1.3533133539372078,0.0,zonia,0,False
2025-06-14 01:43:11.681854489+00:00,14,4,0,0,18.38952129330963,1.3548581203026993,0.0,zonia,0,False
2025-06-14 02:25:52.641018489+00:00,14,4,0,0,17.25792146722479,1.3610626270135824,0.0,zonia,0,False
2025-06-14 02:30:15.569419489+00:00,14,4,0,0,17.48588619960084,1.3681896693684628,0.0,zonia,0,False
2025-06-14 02:39:00.734382489+00:00,14,4,0,0,17.653007405566704,1.3664684222328016,0.0,zonia,0,False
2025-06-14 03:11:10.865098489+00:00,14,4,0,0,17.089144470446666,1.3653891636978006,0.0,zonia,0,False
2025-06-14 03:13:57.837480489+00:00,14,4,0,0,17.014704466682968,1.3705023524179718,0.0,zonia,0,False
2025-06-14 03:16:00.637011489+00:00,14,4,0,0,17.140968425088168,1.3733130960533797,0.0,zonia,0,False
2025-06-14 03:19:05.519659489+00:00,14,4,0,0,17.464489537960823,1.3755741267166515,0.0,zonia,0,False
2025-06-14 03:22:36.042249489+00:00,14,4,0,0,17.165171469907786,1.3743338854567757,0.0,zonia,0,False
2025-06-14 03:27:35.560001489+00:00,14,4,0,0,17.16084459628087,1.374084663402614,0.0,zonia,0,False
2025-06-14 03:38:27.020431489+00:00,14,4,0,0,17.33700469870182,1.3749504315337027,0.0,zonia,0,False
2025-06-14 03:51:52.906781489+00:00,14,4,0,0,17.242094627601148,1.3760888499471164,0.0,zonia,0,False
2025-06-14 04:08:31.581673489+00:00,14,4,0,0,17.590882167864642,1.3760466384437928,0.0,zonia,0,False
2025-06-14 04:45:47.133796489+00:00,14,4,0,0,19.048553708544105,1.3694133166187945,0.0,zonia,0,False
2025-06-14 05:05:23.005828489+00:00,14,4,0,0,20.449977301119986,1.3566360119975702,0.0,zonia,0,False
2025-06-14 05:09:32.021768489+00:00,14,4,0,0,20.480692191497173,1.3513475650833124,0.0,zonia,0,False
2025-06-14 05:14:29.074367489+00:00,14,4,0,0,21.421888688194777,1.340945672102643,0.0,zonia,0,False
2025-06-14 05:46:27.808819489+00:00,14,4,0,0,23.02552802898888,1.341899108118199,0.0,zonia,0,False
2025-06-14 05:54:49.795653489+00:00,14,4,0,0,23.72005652752978,1.3391832382420286,0.0,zonia,0,False
2025-06-14 06:10:44.026583489+00:00,14,4,0,0,23.864946054169042,1.3294643761606042,0.0,zonia,0,False
2025-06-14 06:28:42.342910489+00:00,14,4,0,0,25.35893396728917,1.2554743150411305,0.0,zonia,0,False
2025-06-14 06:32:50.565711489+00:00,14,4,0,0,25.78351467033089,1.30230291504564,0.0,zonia,0,False
2025-06-14 06:33:11.308049489+00:00,14,4,0,0,25.760857628309246,1.2506482537539918,0.0,zonia,0,False
2025-06-14 06:41:26.063232489+00:00,14,4,0,0,26.186811247405256,1.250681413324188,0.0,zonia,0,False
2025-06-14 07:03:32.267976489+00:00,14,4,0,0,27.670666443731022,1.2463171759594607,0.0,zonia,0,False
2025-06-14 07:15:35.229700489+00:00,14,4,0,0,28.229377037943586,1.2411505379849335,0.0,zonia,0,False
2025-06-14 07:16:40.452273489+00:00,14,4,0,0,28.01905308175167,1.2414493086957068,0.0,zonia,0,False
2025-06-14 07:36:19.570388489+00:00,14,4,0,0,28.35159153482521,1.243897533911554,0.0,zonia,0,False
2025-06-14 07:38:31.646125489+00:00,14,4,0,0,28.481988421087113,1.247944874270988,0.0,zonia,0,False
2025-06-14 08:20:17.501269489+00:00,14,4,0,0,30.241353193123285,1.2989376332873135,0.0,zonia,0,False
2025-06-14 08:29:48.669712489+00:00,14,4,0,0,30.420422177354265,1.3149541449280842,0.0,zonia,0,False
2025-06-14 09:04:34.930108489+00:00,14,4,0,0,31.509146564861982,1.3168300111232862,0.0,zonia,0,False
2025-06-14 10:26:58.035795489+00:00,14,4,0,0,33.787436469625064,1.334681992274683,0.0,zonia,0,False
2025-06-14 10:38:58.423851489+00:00,14,4,0,0,33.63636142320581,1.335803251905768,0.0,zonia,0,False
2025-06-14 10:44:10.568498489+00:00,14,4,0,0,34.04567687345269,1.3424324365143163,0.0,zonia,0,False
2025-06-14 11:04:30.207476489+00:00,14,4,0,0,33.647449030294815,1.3422386525856953,0.0,zonia,0,False
2025-06-14 11:14:49.087405489+00:00,14,4,0,0,33.97475754254135,1.3434664788087316,0.0,zonia,0,False
2025-06-14 11:40:23.438323489+00:00,14,4,0,0,34.35130699570374,1.3467407600175496,0.0,zonia,0,False
2025-06-14 12:04:01.787649489+00:00,14,4,0,0,35.091319721651395,1.347618394424588,0.0,zonia,0,False
2025-06-14 12:11:27.352180489+00:00,14,4,0,0,35.06148859867813,1.348455728470527,0.0,zonia,0,False
2025-06-14 12:16:28.255019489+00:00,14,4,0,0,35.966790081935144,1.3603442925808888,0.0,zonia,0,False
2025-06-14 12:32:04.770925489+00:00,14,4,0,0,35.10391738011887,1.3615114605145322,0.0,zonia,0,False
2025-06-14 12:54:20.244158489+00:00,14,4,0,0,35.263168377177436,1.3617053765312985,0.0,zonia,0,False
2025-06-14 13:12:11.730444489+00:00,14,4,0,0,35.73231326905488,1.370426832733107,0.0,zonia,0,False
2025-06-14 13:22:48.798832489+00:00,14,4,0,0,35.57657609255105,1.373429923922155,0.0,zonia,0,False
2025-06-14 13:30:20.821994489+00:00,14,4,0,0,35.982165374729504,1.3707041426467437,0.0,zonia,0,False
2025-06-14 13:57:30.987925489+00:00,14,4,0,0,36.44309319028212,1.372631646905799,0.0,zonia,0,False
2025-06-14 14:26:33.468633489+00:00,14,4,0,0,36.212496361448316,1.373047536688106,0.0,zonia,0,False
2025-06-14 14:31:05.512608489+00:00,14,4,0,0,36.140427471088074,1.3778577264254417,0.0,zonia,0,False
2025-06-14 14:32:00.919936489+00:00,14,4,0,0,36.24110405239506,1.3782202219376456,0.0,zonia,0,False
2025-06-14 14:32:54.654011489+00:00,14,4,0,0,36.3533516136447,1.374212493114693,0.0,zonia,0,False
2025-06-14 15:22:29.654302489+00:00,14,4,0,0,36.31239264702595,1.3739322908579228,0.0,zonia,0,False
2025-06-14 16:01:15.231760489+00:00,14,4,0,0,36.086484235224674,1.364443449859286,0.0,zonia,0,False
2025-06-14 16:09:50.412001489+00:00,14,4,0,0,35.54507298392664,1.3605515072596162,0.0,zonia,0,False
2025-06-14 16:18:58.761086489+00:00,14,4,0,0,34.932900708907695,1.3567257717880836,0.0,zonia,0,False
2025-06-14 16:33:43.075464489+00:00,14,4,0,0,34.31233778084862,1.348777027214816,0.0,zonia,0,False
2025-06-14 16:59:14.801085489+00:00,14,4,0,0,32.507322301505596,1.3496327402119856,0.0,zonia,0,False
2025-06-14 17:03:05.053031489+00:00,14,4,0,0,31.93195692834201,1.3562157101008,0.0,zonia,0,False
2025-06-14 17:23:34.898105489+00:00,14,4,0,0,30.854907307263765,1.3602400831739048,0.0,zonia,0,False
2025-06-14 17:29:00.841471489+00:00,14,4,0,0,31.226697896715336,1.3513756325329809,0.0,zonia,0,False
2025-06-14 17:53:04.135949489+00:00,14,4,0,0,29.77435179281084,1.3522842610058443,0.0,zonia,0,False
2025-06-14 18:02:50.533653489+00:00,14,4,0,0,29.591061638133368,1.351914626210754,0.0,zonia,0,False
2025-06-14 18:23:08.191648489+00:00,14,4,0,0,27.83756976274587,1.2188335800464327,0.0,zonia,0,False
2025-06-14 19:03:51.727372489+00:00,14,4,0,0,26.862519630237944,1.2685989817564174,0.0,zonia,0,False
2025-06-14 19:07:47.009405489+00:00,14,4,0,0,26.70149135738566,1.272093826436075,0.0,zonia,0,False
2025-06-14 20:07:31.377894489+00:00,14,4,0,0,25.254101061995897,1.281105091003194,0.0,zonia,0,False
2025-06-14 20:30:32.768503489+00:00,14,4,0,0,24.757561946811393,1.307013802012436,0.0,zonia,0,False
2025-06-14 20:37:13.813077489+00:00,14,4,0,0,24.483432779501822,1.3309894223595957,0.0,zonia,0,False
2025-06-14 20:51:28.536908489+00:00,14,4,0,0,24.393361584105286,1.3394570299417854,0.0,zonia,0,False
2025-06-14 20:59:46.845343489+00:00,14,4,0,0,24.229382779671337,1.3539417229619546,0.0,zonia,0,False
2025-06-14 21:15:46.222716489+00:00,14,4,0,0,24.232201349725287,1.358665942608355,0.0,zonia,0,False
2025-06-14 21:35:30.484295489+00:00,14,4,0,0,25.19863577698819,1.3636603256406572,0.0,zonia,0,False
2025-06-14 21:43:00.519334489+00:00,14,4,0,0,25.05604589080224,1.3734494866041629,0.0,zonia,0,False
2025-06-14 21:47:16.436265489+00:00,14,4,0,0,24.711426399396263,1.3774789478437601,0.0,zonia,0,False
2025-06-14 22:44:15.487047489+00:00,14,4,0,0,23.546183079238403,1.3766755804777988,0.0,zonia,0,False
2025-06-14 22:54:16.092036489+00:00,14,4,0,0,23.401352370224494,1.3771118338190467,0.0,zonia,0,False
2025-06-14 23:14:59.707650489+00:00,14,4,0,0,23.250470087124924,1.378918388112538,0.0,zonia,0,False
2025-06-14 23:23:41.338237489+00:00,14,4,0,0,23.0070559863291,1.3803992136723613,0.0,zonia,0,False
2025-06-14 23:41:16.056865489+00:00,14,4,0,0,22.73050819420461,1.3811543575493406,0.0,zonia,0,False
2025-06-14 23:44:02.320757489+00:00,14,4,0,0,22.80315171080988,1.381431395962203,0.0,zonia,0,False
2025-06-14 23:51:55.340228489+00:00,14,4,0,0,22.601905239844854,1.3825833728531665,0.0,zonia,0,False
2025-06-14 23:53:04.171587489+00:00,14,4,0,0,22.722346878073083,1.3813231049032564,0.0,zonia,0,False
2025-06-15 00:04:05.812847489+00:00,14,4,0,0,23.27247398715125,1.37436776129104,0.0,zonia,0,False
2025-06-15 00:11:07.271260489+00:00,14,4,0,0,22.694579049278616,1.3720967354219649,0.0,zonia,0,False
2025-06-15 00:14:46.614976489+00:00,14,4,0,0,23.100356788141088,1.367566699419358,0.0,zonia,0,False
2025-06-15 00:29:33.539022489+00:00,14,4,0,0,23.15294230841774,1.3675396698783278,0.0,zonia,0,False
2025-06-15 00:33:24.254697489+00:00,14,4,0,0,23.126487578517605,1.3690102036180236,0.0,zonia,0,False
2025-06-15 00:42:35.525080489+00:00,14,4,0,0,23.087600216173914,1.3699336023357789,0.0,zonia,0,False
2025-06-15 01:22:32.785042489+00:00,14,4,0,0,23.111743801962685,1.372007144898247,0.0,zonia,0,False
2025-06-15 02:05:18.488685489+00:00,14,4,0,0,21.950348085924624,1.3735873381429684,0.0,zonia,0,False
2025-06-15 02:20:35.437712489+00:00,14,4,0,0,22.110861339685012,1.3771339538921548,0.0,zonia,0,False
2025-06-15 02:31:27.295982489+00:00,14,4,0,0,22.084692117779337,1.3760368332448691,0.0,zonia,0,False
2025-06-15 02:47:11.834622489+00:00,14,4,0,0,21.479700453323442,1.3731644047966154,0.0,zonia,0,False
2025-06-15 03:00:44.613814489+00:00,14,4,0,0,21.591145392121447,1.377061369358193,0.0,zonia,0,False
2025-06-15 03:01:04.911220489+00:00,14,4,0,0,21.765267558377314,1.3741343679285256,0.0,zonia,0,False
2025-06-15 03:05:02.457533489+00:00,14,4,0,0,21.61760345090519,1.374984174177226,0.0,zonia,0,False
2025-06-15 03:43:57.815005489+00:00,14,4,0,0,20.719027197596716,1.3773005659985105,0.0,zonia,0,False
2025-06-15 04:00:35.163788489+00:00,14,4,0,0,20.882153633676445,1.3790184260917513,0.0,zonia,0,False
2025-06-15 04:08:36.174535489+00:00,14,4,0,0,20.878458688326656,1.376327354369121,0.0,zonia,0,False
2025-06-15 04:32:10.251247489+00:00,14,4,0,0,21.728970954710892,1.37865878912262,0.0,zonia,0,False
2025-06-15 04:50:40.515778489+00:00,14,4,0,0,22.95661467232679,1.3794765928854313,0.0,zonia,0,False
2025-06-15 05:19:33.029749489+00:00,14,4,0,0,24.56920934756202,1.3795034611157972,0.0,zonia,0,False
2025-06-15 05:21:54.394593489+00:00,14,4,0,0,24.56131076055101,1.3716520219070791,0.0,zonia,0,False
2025-06-15 05:23:28.887486489+00:00,14,4,0,0,24.44973777399805,1.3660523332415502,0.0,zonia,0,False
2025-06-15 05:29:30.293089489+00:00,14,4,0,0,24.58044932785327,1.3491719456708646,0.0,zonia,0,False
2025-06-15 05:33:33.554869489+00:00,14,4,0,0,24.703906915529462,1.3511446114547239,0.0,zonia,0,False
2025-06-15 05:35:58.416127489+00:00,14,4,0,0,24.568228692565594,1.3501781859902737,0.0,zonia,0,False
2025-06-15 05:46:10.172391489+00:00,14,4,0,0,24.327026549293237,1.3548244850016637,0.0,zonia,0,False
2025-06-15 05:58:08.624801489+00:00,14,4,0,0,24.33417042354332,1.3582246088404857,0.0,zonia,0,False
2025-06-15 06:04:19.140197489+00:00,14,4,0,0,24.128520337510203,1.3597507801050157,0.0,zonia,0,False
2025-06-15 06:10:50.190312489+00:00,14,4,0,0,24.30632920241115,1.3616512235613163,0.0,zonia,0,False
2025-06-15 06:39:35.985318489+00:00,14,4,0,0,27.541860243936952,1.3534719329670915,0.0,zonia,0,False
2025-06-15 07:00:08.819474489+00:00,14,4,0,0,28.699400154717257,1.3508032224482482,0.0,zonia,0,False
2025-06-15 07:03:33.516957489+00:00,14,4,0,0,29.451296183990106,1.3516350659560223,0.0,zonia,0,False
2025-06-15 07:09:10.099873489+00:00,14,4,0,0,29.745203593964124,1.3452076959307864,0.0,zonia,0,False
2025-06-15 08:37:34.041830489+00:00,14,4,0,0,32.32590633579835,1.3422567156293026,0.0,zonia,0,False
2025-06-15 08:39:24.127906489+00:00,14,4,0,0,32.320842148138226,1.342273774492848,0.0,zonia,0,False
2025-06-15 09:35:32.066815489+00:00,14,4,0,0,32.8449858099413,1.3453968578603512,0.0,zonia,0,False
2025-06-15 09:43:37.849162489+00:00,14,4,0,0,33.30459350806309,1.344314805798452,0.0,zonia,0,False
2025-06-15 09:50:01.778172489+00:00,14,4,0,0,32.96609738743424,1.3442072452845886,0.0,zonia,0,False
2025-06-15 09:55:40.203181489+00:00,14,4,0,0,33.104794792821224,1.3444777591873582,0.0,zonia,0,False
2025-06-15 10:06:47.558522489+00:00,14,4,0,0,33.694344082635354,1.3477049348288932,0.0,zonia,0,False
2025-06-15 10:11:29.599535489+00:00,14,4,0,0,33.912690852025,1.359932125208389,0.0,zonia,0,False
2025-06-15 10:48:15.981559489+00:00,14,4,0,0,34.07570954504948,1.3613682724251208,0.0,zonia,0,False
2025-06-15 11:09:38.788085489+00:00,14,4,0,0,34.394489046099906,1.3612150534376486,0.0,zonia,0,False
2025-06-15 11:14:59.846416489+00:00,14,4,0,0,35.01695852559046,1.3661019179120106,0.0,zonia,0,False
2025-06-15 11:18:17.789818489+00:00,14,4,0,0,34.91566952752788,1.3687923565585023,0.0,zonia,0,False
2025-06-15 11:34:30.606978489+00:00,14,4,0,0,35.104319132068085,1.3701054764481393,0.0,zonia,0,False
2025-06-15 11:43:21.077730489+00:00,14,4,0,0,35.22271525663038,1.3720878258951246,0.0,zonia,0,False
2025-06-15 11:46:53.123093489+00:00,14,4,0,0,34.961366387175126,1.3730747719866683,0.0,zonia,0,False
2025-06-15 12:04:24.390912489+00:00,14,4,0,0,35.64718721046691,1.3748826642338365,0.0,zonia,0,False
2025-06-15 12:09:43.274730489+00:00,14,4,0,0,35.045880614811146,1.3629651810437715,0.0,zonia,0,False
2025-06-15 12:10:15.751354489+00:00,14,4,0,0,35.426229212068165,1.3608273458719333,0.0,zonia,0,False
2025-06-15 12:11:20.411226489+00:00,14,4,0,0,35.3940418482923,1.3615511421709086,0.0,zonia,0,False
2025-06-15 12:12:05.944726489+00:00,14,4,0,0,35.421012286169294,1.3632730001590903,0.0,zonia,0,False
2025-06-15 12:16:32.133720489+00:00,14,4,0,0,35.39697681729071,1.3612966575923382,0.0,zonia,0,False
2025-06-15 12:18:08.821311489+00:00,14,4,0,0,35.78682603228557,1.3569955174386463,0.0,zonia,0,False
2025-06-15 12:25:30.957512489+00:00,14,4,0,0,35.91331461767476,1.3562252837214095,0.0,zonia,0,False
2025-06-15 13:37:54.044131489+00:00,14,4,0,0,36.01192072306373,1.3576883868651755,0.0,zonia,0,False
2025-06-15 13:52:35.054412489+00:00,14,4,0,0,35.931944543058876,1.3438598714709045,0.0,zonia,0,False
2025-06-15 14:07:07.805996489+00:00,14,4,0,0,36.79320126181218,1.3380617385303495,0.0,zonia,0,False
2025-06-15 14:07:37.935928489+00:00,14,4,0,0,36.84731644188751,1.3358467511611842,0.0,zonia,0,False
2025-06-15 14:25:07.547223489+00:00,14,4,0,0,36.58430639428474,1.337230095908762,0.0,zonia,0,False
2025-06-15 14:40:41.926203489+00:00,14,4,0,0,36.62619096261242,1.3275003472375506,0.0,zonia,0,False
2025-06-15 14:43:13.976983489+00:00,14,4,0,0,36.648982283600695,1.3210711647741342,0.0,zonia,0,False
2025-06-15 15:15:37.410634489+00:00,14,4,0,0,35.96240031296828,1.3127847275621838,0.0,zonia,0,False
2025-06-15 15:52:21.685384489+00:00,14,4,0,0,33.62403204726379,1.3171218397773354,0.0,zonia,0,False
2025-06-15 15:54:32.213037489+00:00,14,4,0,0,33.85890713284084,1.3096893659829845,0.0,zonia,0,False
2025-06-15 15:56:16.652144489+00:00,14,4,0,0,33.672301361088586,1.315076561031617,0.0,zonia,0,False
2025-06-15 16:03:26.456329489+00:00,14,4,0,0,33.04019809790999,1.3149029836044834,0.0,zonia,0,False
2025-06-15 16:10:25.386252489+00:00,14,4,0,0,32.802824486683576,1.3201441628818409,0.0,zonia,0,False
2025-06-15 16:14:40.630091489+00:00,14,4,0,0,32.706888839322126,1.3370052651486963,0.0,zonia,0,False
2025-06-15 16:52:50.394716489+00:00,14,4,0,0,31.820997085718783,1.3441827535994542,0.0,zonia,0,False
2025-06-15 16:55:04.399478489+00:00,14,4,0,0,31.506832736684924,1.3451996172437526,0.0,zonia,0,False
2025-06-15 16:56:02.107017489+00:00,14,4,0,0,31.378762442021472,1.3559891554247143,0.0,zonia,0,False
2025-06-15 17:04:15.208255489+00:00,14,4,0,0,31.2815059796897,1.358329919074438,0.0,zonia,0,False
2025-06-15 17:06:55.482673489+00:00,14,4,0,0,31.307830679787873,1.360380071523918,0.0,zonia,0,False
2025-06-15 17:30:26.065246489+00:00,14,4,0,0,30.451961615851168,1.3619420133324984,0.0,zonia,0,False
2025-06-15 17:36:20.701044489+00:00,14,4,0,0,29.96830837947465,1.3668338386674361,0.0,zonia,0,False
2025-06-15 18:17:34.875326489+00:00,14,4,0,0,29.01837527564198,1.3704142416688465,0.0,zonia,0,False
2025-06-15 18:22:09.881332489+00:00,14,4,0,0,28.946584592079603,1.3717493294831378,0.0,zonia,0,False
2025-06-15 19:16:17.322083489+00:00,14,4,0,0,27.48037236736236,1.374464198899216,0.0,zonia,0,False
2025-06-15 19:18:54.688020489+00:00,14,4,0,0,27.527005055077648,1.378620012919816,0.0,zonia,0,False
2025-06-15 19:19:49.374718489+00:00,14,4,0,0,27.39903135754058,1.3796646928068932,0.0,zonia,0,False
2025-06-15 19:20:57.273736489+00:00,14,4,0,0,27.387171878903526,1.3817993137501166,0.0,zonia,0,False
2025-06-15 19:39:42.255335489+00:00,14,4,0,0,27.048769496665418,1.3820550487552483,0.0,zonia,0,False
2025-06-15 19:52:01.268079489+00:00,14,4,0,0,26.68337180173526,1.379203662636336,0.0,zonia,0,False
2025-06-15 20:10:33.264130489+00:00,14,4,0,0,26.685282127574023,1.3787559271404042,0.0,zonia,0,False
2025-06-15 20:25:24.351637489+00:00,14,4,0,0,26.455921894413496,1.3797841935422417,0.0,zonia,0,False
2025-06-15 20:59:12.547506489+00:00,14,4,0,0,25.931382230128964,1.3805831679087917,0.0,zonia,0,False
2025-06-15 21:00:04.450250489+00:00,14,4,0,0,25.81002908089109,1.3777273442774238,0.0,zonia,0,False
2025-06-15 21:13:50.647438489+00:00,14,4,0,0,25.376386136102113,1.3788479644593095,0.0,zonia,0,False
2025-06-15 21:27:39.601188489+00:00,14,4,0,0,25.445672506507037,1.3786890594725643,0.0,zonia,0,False
2025-06-15 21:35:41.466810489+00:00,14,4,0,0,25.11186939845412,1.3790638434420956,0.0,zonia,0,False
2025-06-15 21:36:16.222849489+00:00,14,4,0,0,25.217359305545845,1.379454213771854,0.0,zonia,0,False
2025-06-15 21:52:50.150754489+00:00,14,4,0,0,24.81039554707593,1.3816871047704775,0.0,zonia,0,False
2025-06-15 22:15:38.182380489+00:00,14,4,0,0,24.12058226641272,1.3842392568665025,0.0,zonia,0,False
2025-06-15 22:22:12.936066489+00:00,14,4,0,0,23.97604617030637,1.3846441965283427,0.0,zonia,0,False
2025-06-15 22:27:35.013420489+00:00,14,4,0,0,23.80905127100538,1.3840321312660548,0.0,zonia,0,False
2025-06-15 22:29:26.761459489+00:00,14,4,0,0,23.831006461242588,1.3852455435212225,0.0,zonia,0,False
2025-06-15 22:29:34.024457489+00:00,14,4,0,0,23.91468256496646,1.3858548130181352,0.0,zonia,0,False
2025-06-15 22:55:54.534840489+00:00,14,4,0,0,23.49491044843618,1.3863335895590354,0.0,zonia,0,False
2025-06-15 23:03:39.595404489+00:00,14,4,0,0,23.4648063441435,1.3851425296563609,0.0,zonia,0,False
2025-06-15 23:09:31.342693489+00:00,14,4,0,0,23.289603410227237,1.3831101711314369,0.0,zonia,0,False
2025-06-15 23:23:47.432777489+00:00,14,4,0,0,23.062117476680392,1.382517200886291,0.0,zonia,0,False
2025-06-15 23:49:39.041799489+00:00,14,4,0,0,23.484854576577376,1.384786948278965,0.0,zonia,0,False
2025-06-16 00:10:58.160956489+00:00,14,4,0,0,23.452117516120076,1.3853269870148004,0.0,zonia,0,False
2025-06-16 00:11:44.352843489+00:00,14,4,0,0,23.489721107812706,1.3852156645542082,0.0,zonia,0,False
2025-06-16 00:18:06.091127489+00:00,14,4,0,0,23.504065888515886,1.3839626663477502,0.0,zonia,0,False
2025-06-16 00:20:58.894000489+00:00,14,4,0,0,23.277069622440564,1.3860467171601918,0.0,zonia,0,False
2025-06-16 00:21:37.306016489+00:00,14,4,0,0,23.45071736781537,1.3864690603749021,0.0,zonia,0,False
2025-06-16 00:22:24.921042489+00:00,14,4,0,0,23.262804783252793,1.3865095819624649,0.0,zonia,0,False
2025-06-16 00:30:24.762472489+00:00,14,4,0,0,23.409120157274437,1.3836314933961646,0.0,zonia,0,False
2025-06-16 00:31:39.655876489+00:00,14,4,0,0,23.189461853021296,1.383685501894602,0.0,zonia,0,False
2025-06-16 00:34:38.199472489+00:00,14,4,0,0,23.168409324363946,1.383335201191258,0.0,zonia,0,False
2025-06-16 00:43:36.123935489+00:00,14,4,0,0,22.922472337575147,1.3821119945358764,0.0,zonia,0,False
2025-06-16 00:57:35.868686489+00:00,14,4,0,0,23.19536487947233,1.3838544320579473,0.0,zonia,0,False
2025-06-16 01:10:46.019468489+00:00,14,4,0,0,22.789946155394738,1.3843336887434503,0.0,zonia,0,False
2025-06-16 01:15:55.724356489+00:00,14,4,0,0,23.432833216845022,1.3817977073113634,0.0,zonia,0,False
2025-06-16 01:26:59.215413489+00:00,14,4,0,0,22.75647529001572,1.3762362601337004,0.0,zonia,0,False
2025-06-16 01:44:35.960335489+00:00,14,4,0,0,22.84795898691618,1.3725375006934593,0.0,zonia,0,False
2025-06-16 01:57:27.298115489+00:00,14,4,0,0,22.185594140721808,1.3718636486556055,0.0,zonia,0,False
2025-06-16 01:59:24.753062489+00:00,14,4,0,0,22.028336136980297,1.3712912267190274,0.0,zonia,0,False
2025-06-16 02:12:12.029380489+00:00,14,4,0,0,22.202846991903847,1.3708216676721563,0.0,zonia,0,False
2025-06-16 02:13:34.290948489+00:00,14,4,0,0,22.298447227442853,1.3725626837874845,0.0,zonia,0,False
2025-06-16 02:45:24.673694489+00:00,14,4,0,0,22.602585048593586,1.3706105000273994,0.0,zonia,0,False
2025-06-16 02:53:20.705056489+00:00,14,4,0,0,22.50590900143673,1.3724983200441372,0.0,zonia,0,False
2025-06-16 03:21:40.921506489+00:00,14,4,0,0,21.96183819595678,1.3744208473842079,0.0,zonia,0,False
2025-06-16 03:27:37.102402489+00:00,14,4,0,0,21.39021177922314,1.3720452835689485,0.0,zonia,0,False
2025-06-16 03:47:42.614152489+00:00,14,4,0,0,21.70944142685872,1.3730726001269224,0.0,zonia,0,False
2025-06-16 03:50:10.237972489+00:00,14,4,0,0,21.75403011988604,1.372456610120047,0.0,zonia,0,False
2025-06-16 04:33:47.938740489+00:00,14,4,0,0,22.68007381039067,1.377013482442223,0.0,zonia,0,False
2025-06-16 04:38:00.059759489+00:00,14,4,0,0,22.8974943453407,1.378427165467739,0.0,zonia,0,False
2025-06-16 04:44:21.854733489+00:00,14,4,0,0,23.142335542853285,1.377484806386206,0.0,zonia,0,False
2025-06-16 04:45:44.080114489+00:00,14,4,0,0,23.089524356573296,1.376463910306653,0.0,zonia,0,False
2025-06-16 04:53:32.400974489+00:00,14,4,0,0,23.71249839406599,1.37185094774012,0.0,zonia,0,False
2025-06-16 05:15:55.367401489+00:00,14,4,0,0,24.866428901811,1.3672617651709207,0.0,zonia,0,False
2025-06-16 05:35:00.142406489+00:00,14,4,0,0,25.96054038868183,1.3675943668562953,0.0,zonia,0,False
2025-06-16 05:41:25.813912489+00:00,14,4,0,0,26.64636747932277,1.3676076094082146,0.0,zonia,0,False
2025-06-16 05:52:20.499149489+00:00,14,4,0,0,26.503407605217742,1.3700430560215173,0.0,zonia,0,False
2025-06-16 05:53:45.182818489+00:00,14,4,0,0,26.781567178786567,1.3590598100472702,0.0,zonia,0,False
2025-06-16 06:23:32.620230489+00:00,14,4,0,0,27.532096059839432,1.369059239438111,0.0,zonia,0,False
2025-06-16 06:29:56.756469489+00:00,14,4,0,0,27.87256702876193,1.3679705583664044,0.0,zonia,0,False
2025-06-16 06:30:20.217060489+00:00,14,4,0,0,27.782762454411117,1.3744325185264312,0.0,zonia,0,False
2025-06-16 06:59:39.870176489+00:00,14,4,0,0,28.66511565186064,1.3764980456656617,0.0,zonia,0,False
2025-06-16 07:06:24.774231489+00:00,14,4,0,0,28.78651820002795,1.3767973570465748,0.0,zonia,0,False
2025-06-16 07:55:35.856659489+00:00,14,4,0,0,29.903654158004297,1.3736514282068384,0.0,zonia,0,False
2025-06-16 08:38:22.674949489+00:00,14,4,0,0,30.3493463002069,1.3767725377935807,0.0,zonia,0,False
2025-06-16 08:42:50.327246489+00:00,14,4,0,0,30.24587664434339,1.366795220330401,0.0,zonia,0,False
2025-06-16 08:49:03.413139489+00:00,14,4,0,0,30.279533080066486,1.3591477462165538,0.0,zonia,0,False
2025-06-16 09:09:29.824703489+00:00,14,4,0,0,30.569244096322407,1.360611362444295,0.0,zonia,0,False
2025-06-16 09:36:55.059778489+00:00,14,4,0,0,30.97821711044982,1.3609833653424217,0.0,zonia,0,False
2025-06-16 09:49:13.273453489+00:00,14,4,0,0,31.271851846182198,1.3585538001122583,0.0,zonia,0,False
2025-06-16 10:07:52.215839489+00:00,14,4,0,0,31.678241091666486,1.3575102377033403,0.0,zonia,0,False
2025-06-16 10:37:15.377440489+00:00,14,4,0,0,31.435942038786642,1.3579908193679313,0.0,zonia,0,False
2025-06-16 10:49:01.272961489+00:00,14,4,0,0,31.419311544335255,1.3582624278976687,0.0,zonia,0,False
2025-06-16 10:51:10.140364489+00:00,14,4,0,0,31.483923280047915,1.3611385923761776,0.0,zonia,0,False
2025-06-16 10:51:37.202387489+00:00,14,4,0,0,31.13547652163014,1.3625073842831945,0.0,zonia,0,False
2025-06-16 10:53:35.643508489+00:00,14,4,0,0,31.52037860583561,1.3638530302034095,0.0,zonia,0,False
2025-06-16 10:57:10.466451489+00:00,14,4,0,0,31.492173528963875,1.3642018844154449,0.0,zonia,0,False
2025-06-16 11:17:10.790278489+00:00,14,4,0,0,31.708729004321995,1.3627661426264712,0.0,zonia,0,False
2025-06-16 11:18:43.885102489+00:00,14,4,0,0,31.803893809757643,1.3607500984225258,0.0,zonia,0,False
2025-06-16 11:33:47.593764489+00:00,14,4,0,0,31.617461943899507,1.361236575757572,0.0,zonia,0,False
2025-06-16 11:41:20.666042489+00:00,14,4,0,0,31.720891110336346,1.3625496195905578,0.0,zonia,0,False
2025-06-16 11:43:02.950785489+00:00,14,4,0,0,31.004445478604403,1.3611082950165418,0.0,zonia,0,False
2025-06-16 12:35:26.622682489+00:00,14,4,0,0,29.25959675280078,1.3589001443141009,0.0,zonia,0,False
2025-06-16 12:46:46.103351489+00:00,14,4,0,0,28.606490994326837,1.3589063081967692,0.0,zonia,0,False
2025-06-16 12:50:07.475821489+00:00,14,4,0,0,28.52408123158376,1.3587567905904028,0.0,zonia,0,False
2025-06-16 12:59:23.427284489+00:00,14,4,0,0,28.408807824653223,1.3574734622948665,0.0,zonia,0,False
2025-06-16 14:14:41.615239489+00:00,14,4,0,0,22.887326429676403,1.3423315966003047,0.0,zonia,0,False
2025-06-16 14:19:47.101152489+00:00,14,4,0,0,20.593513968382087,1.3203732237207138,0.0,zonia,0,False
2025-06-16 14:37:54.257364489+00:00,14,4,0,0,18.426159816175446,1.3362644326730024,0.0,zonia,0,False
2025-06-16 14:51:12.057606489+00:00,14,4,0,0,18.145970691289833,1.3446795534498344,0.0,zonia,0,False
2025-06-16 15:04:19.329448489+00:00,14,4,0,0,18.43512803427419,1.3567187436861414,0.0,zonia,0,False
2025-06-16 15:37:57.109729489+00:00,14,4,0,0,18.42372583710339,1.3657199016971067,0.0,zonia,0,False
2025-06-16 15:48:04.405550489+00:00,14,4,0,0,18.435169358075274,1.367277242225152,0.0,zonia,0,False
2025-06-16 15:55:41.087689489+00:00,14,4,0,0,18.38576265652098,1.3703617368508345,0.0,zonia,0,False
2025-06-16 15:58:25.299612489+00:00,14,4,0,0,18.33323611754486,1.3794580737333995,0.0,zonia,0,False
2025-06-16 16:01:56.792369489+00:00,14,4,0,0,18.38762048124775,1.3805966581863394,0.0,zonia,0,False
2025-06-16 16:10:13.395339489+00:00,14,4,0,0,18.264465622922877,1.3827886684496364,0.0,zonia,0,False
2025-06-16 16:15:44.573966489+00:00,14,4,0,0,18.466642519244616,1.3839108299945642,0.0,zonia,0,False
2025-06-16 16:23:30.062053489+00:00,14,4,0,0,18.45806828904891,1.3851979979326923,0.0,zonia,0,False
2025-06-16 17:03:54.806179489+00:00,14,4,0,0,18.575992923888826,1.3853291660515672,0.0,zonia,0,False
2025-06-16 17:58:13.309619489+00:00,14,4,0,0,20.189151645451958,1.3811486269258952,0.0,zonia,0,False
2025-06-16 18:51:11.585926489+00:00,14,4,0,0,19.396346395287498,1.3801480854425472,0.0,zonia,0,False
2025-06-16 18:56:00.999318489+00:00,14,4,0,0,19.35501632930258,1.3851846058775938,0.0,zonia,0,False
2025-06-16 19:19:03.967044489+00:00,14,4,0,0,19.242150294551777,1.386627278335936,0.0,zonia,0,False
2025-06-16 19:23:57.254249489+00:00,14,4,0,0,19.13266903870611,1.3865382304740488,0.0,zonia,0,False
2025-06-16 19:29:19.896081489+00:00,14,4,0,0,19.081266193457836,1.3867876595374211,0.0,zonia,0,False
2025-06-16 19:29:48.409971489+00:00,14,4,0,0,18.925802458374665,1.3873712625121142,0.0,zonia,0,False
2025-06-16 19:35:44.686539489+00:00,14,4,0,0,18.849142675501643,1.390600552680469,0.0,zonia,0,False
2025-06-16 19:51:54.864765489+00:00,14,4,0,0,18.396028022894512,1.390928809802899,0.0,zonia,0,False
2025-06-16 20:09:07.401170489+00:00,14,4,0,0,18.049982839006965,1.3908902362262414,0.0,zonia,0,False
2025-06-16 20:31:38.701317489+00:00,14,4,0,0,17.772017246590472,1.3865522796162217,0.0,zonia,0,False
2025-06-16 20:58:09.539848489+00:00,14,4,0,0,18.081156018102547,1.386165522892536,0.0,zonia,0,False
2025-06-16 21:17:13.605029489+00:00,14,4,0,0,18.44774701003584,1.385409516557247,0.0,zonia,0,False
2025-06-16 21:26:04.652328489+00:00,14,4,0,0,18.423316451134042,1.3808846505189583,0.0,zonia,0,False
2025-06-16 21:27:45.521924489+00:00,14,4,0,0,18.403008637594688,1.380085319727655,0.0,zonia,0,False
2025-06-16 21:48:54.269413489+00:00,14,4,0,0,18.290404143798725,1.3815963315387703,0.0,zonia,0,False
2025-06-16 21:52:04.927395489+00:00,14,4,0,0,18.427815822892978,1.3816287461716494,0.0,zonia,0,False
2025-06-16 21:54:02.207205489+00:00,14,4,0,0,18.31880692377478,1.3818629250855758,0.0,zonia,0,False
2025-06-16 21:55:56.733966489+00:00,14,4,0,0,18.35664281312555,1.382377086926509,0.0,zonia,0,False
2025-06-16 21:58:20.618896489+00:00,14,4,0,0,18.321278358098102,1.3829463222058225,0.0,zonia,0,False
2025-06-16 22:09:45.430678489+00:00,14,4,0,0,18.393844700504296,1.3835025248729955,0.0,zonia,0,False
2025-06-16 22:24:10.564231489+00:00,14,4,0,0,18.25823904047361,1.3849743646863124,0.0,zonia,0,False
2025-06-16 22:43:42.561258489+00:00,14,4,0,0,18.37520441172956,1.3848198874335522,0.0,zonia,0,False
2025-06-16 22:54:38.211901489+00:00,14,4,0,0,18.353964122134737,1.384106780115643,0.0,zonia,0,False
2025-06-16 23:18:52.177526489+00:00,14,4,0,0,18.334249567949733,1.3852683609839755,0.0,zonia,0,False
2025-06-16 23:38:25.524870489+00:00,14,4,0,0,18.40508090310245,1.385231574256673,0.0,zonia,0,False
2025-06-16 23:45:45.608460489+00:00,14,4,0,0,18.370002822801045,1.385385916165387,0.0,zonia,0,False
2025-06-17 00:18:53.673632489+00:00,14,4,0,0,18.237884804810356,1.385932928607578,0.0,zonia,0,False
2025-06-17 00:26:35.237916489+00:00,14,4,0,0,18.079576847929594,1.389399966261608,0.0,zonia,0,False
2025-06-17 00:48:58.685123489+00:00,14,4,0,0,18.032217088886004,1.390798235833687,0.0,zonia,0,False
2025-06-17 00:57:48.453143489+00:00,14,4,0,0,18.06114897929032,1.3923870575259523,0.0,zonia,0,False
2025-06-17 01:02:29.351253489+00:00,14,4,0,0,18.22410690608113,1.392320169790575,0.0,zonia,0,False
2025-06-17 01:03:26.574358489+00:00,14,4,0,0,18.203170779144248,1.3930927308530099,0.0,zonia,0,False
2025-06-17 01:12:22.580049489+00:00,14,4,0,0,18.329981826247078,1.39314102353402,0.0,zonia,0,False
2025-06-17 01:23:57.651334489+00:00,14,4,0,0,18.235521306170096,1.3932525299212999,0.0,zonia,0,False
2025-06-17 01:47:08.946730489+00:00,14,4,0,0,18.17216042951784,1.3933474420971081,0.0,zonia,0,False
2025-06-17 01:52:01.181081489+00:00,14,4,0,0,18.113841057633163,1.393552032753925,0.0,zonia,0,False
2025-06-17 02:09:18.107211489+00:00,14,4,0,0,17.984190761008527,1.3940817461264705,0.0,zonia,0,False
2025-06-17 03:13:31.303630489+00:00,14,4,0,0,17.47368729028505,1.394221660135134,0.0,zonia,0,False
2025-06-17 03:16:41.302682489+00:00,14,4,0,0,17.564868196348833,1.3942993729148925,0.0,zonia,0,False
2025-06-17 03:31:42.048104489+00:00,14,4,0,0,17.70788520849263,1.3947734905941072,0.0,zonia,0,False
2025-06-17 04:19:40.483824489+00:00,14,4,0,0,17.616389563345603,1.3957195091787686,0.0,zonia,0,False
2025-06-17 04:49:57.490317489+00:00,14,4,0,0,17.784674668874693,1.3958013165786272,0.0,zonia,0,False
2025-06-17 04:54:07.919593489+00:00,14,4,0,0,17.822728322903128,1.3959699410487239,0.0,zonia,0,False
2025-06-17 04:58:59.762364489+00:00,14,4,0,0,17.87893817739501,1.396034953938216,0.0,zonia,0,False
2025-06-17 05:21:11.676742489+00:00,14,4,0,0,17.833353627838044,1.3962620738334492,0.0,zonia,0,False
2025-06-17 05:33:44.552095489+00:00,14,4,0,0,17.784544501005687,1.3956727746101554,0.0,zonia,0,False
2025-06-17 06:05:30.078038489+00:00,14,4,0,0,18.049820591714166,1.396030477890561,0.0,zonia,0,False
2025-06-17 06:26:32.505473489+00:00,14,4,0,0,18.214657097242792,1.3960244892912286,0.0,zonia,0,False
2025-06-17 06:43:09.162974489+00:00,14,4,0,0,18.35026299404119,1.3954863132148223,0.0,zonia,0,False
2025-06-17 06:56:44.887927489+00:00,14,4,0,0,18.49531654761117,1.39546298263504,0.0,zonia,0,False
2025-06-17 07:01:27.280159489+00:00,14,4,0,0,18.415544595504084,1.3957520629225002,0.0,zonia,0,False
2025-06-17 07:40:31.168196489+00:00,14,4,0,0,19.15189462852217,1.3936472798666646,0.0,zonia,0,False
2025-06-17 07:58:55.329409489+00:00,14,4,0,0,19.3849689694795,1.3922379871916142,0.0,zonia,0,False
2025-06-17 08:53:46.511974489+00:00,14,4,0,0,20.031132453416753,1.3900163649885762,0.0,zonia,0,False
2025-06-17 09:09:27.987152489+00:00,14,4,0,0,20.676635682296457,1.3866317655902962,0.0,zonia,0,False
2025-06-17 09:16:44.232258489+00:00,14,4,0,0,20.717579229864754,1.3761925118524194,0.0,zonia,0,False
2025-06-17 09:20:32.052286489+00:00,14,4,0,0,20.638852674203207,1.3764714173033448,0.0,zonia,0,False
2025-06-17 09:42:41.521445489+00:00,14,4,0,0,21.403670122718612,1.3763592497381434,0.0,zonia,0,False
2025-06-17 09:51:22.424299489+00:00,14,4,0,0,21.48648017639753,1.3749275233040943,0.0,zonia,0,False
2025-06-17 09:55:51.456112489+00:00,14,4,0,0,21.337085871903177,1.3747635376607013,0.0,zonia,0,False
2025-06-17 09:59:15.272501489+00:00,14,4,0,0,21.632382014866984,1.3749490734422944,0.0,zonia,0,False
2025-06-17 10:15:50.774657489+00:00,14,4,0,0,22.433324164580082,1.3759089649566678,0.0,zonia,0,False
2025-06-17 10:16:36.541246489+00:00,14,4,0,0,22.288412002563476,1.3756728743891522,0.0,zonia,0,False
2025-06-17 10:17:48.698930489+00:00,14,4,0,0,21.672840032028613,1.3750577594890347,0.0,zonia,0,False
2025-06-17 10:29:59.418306489+00:00,14,4,0,0,22.55230676753334,1.3775399862724411,0.0,zonia,0,False
2025-06-17 11:18:02.559719489+00:00,14,4,0,0,23.873900595703734,1.374297220329844,0.0,zonia,0,False
2025-06-17 11:39:13.922727489+00:00,14,4,0,0,23.687435687595464,1.3764797328581007,0.0,zonia,0,False
2025-06-17 11:47:55.150281489+00:00,14,4,0,0,24.065462743492017,1.3736508622811932,0.0,zonia,0,False
2025-06-17 11:52:14.713835489+00:00,14,4,0,0,24.163697102744347,1.3695819358852093,0.0,zonia,0,False
2025-06-17 12:47:00.866921489+00:00,14,4,0,0,25.517312961138714,1.3678562423624074,0.0,zonia,0,False
2025-06-17 12:51:16.800848489+00:00,14,4,0,0,25.33901081718805,1.3604037360759973,0.0,zonia,0,False
2025-06-17 13:17:45.266776489+00:00,14,4,0,0,26.14212359947083,1.3578505652146022,0.0,zonia,0,False
2025-06-17 13:17:48.851755489+00:00,14,4,0,0,26.04642914362456,1.35949292536914,0.0,zonia,0,False
2025-06-17 14:09:26.545248489+00:00,14,4,0,0,26.690572565772527,1.3538733612435458,0.0,zonia,0,False
2025-06-17 14:16:18.091421489+00:00,14,4,0,0,26.865966855125833,1.355920047354788,0.0,zonia,0,False
2025-06-17 14:39:42.855078489+00:00,14,4,0,0,27.08627325996683,1.351258214413075,0.0,zonia,0,False
2025-06-17 14:43:39.822377489+00:00,14,4,0,0,26.983400309415085,1.3365629570520394,0.0,zonia,0,False
2025-06-17 15:14:26.434751489+00:00,14,4,0,0,27.455120743869806,1.3343051286241976,0.0,zonia,0,False
2025-06-17 15:37:00.730677489+00:00,14,4,0,0,27.980848287126435,1.3377255435602486,0.0,zonia,0,False
2025-06-17 15:51:08.774836489+00:00,14,4,0,0,27.281421039638918,1.3394365291194783,0.0,zonia,0,False
2025-06-17 16:01:11.113328489+00:00,14,4,0,0,27.26461065500893,1.339857173215331,0.0,zonia,0,False
2025-06-17 16:07:42.528520489+00:00,14,4,0,0,27.727760227114583,1.3381534038141247,0.0,zonia,0,False
2025-06-17 16:10:10.111556489+00:00,14,4,0,0,27.65736877684073,1.3360895570740192,0.0,zonia,0,False
2025-06-17 16:16:52.942914489+00:00,14,4,0,0,27.020182879801794,1.3268176132100282,0.0,zonia,0,False
2025-06-17 16:17:28.015026489+00:00,14,4,0,0,26.749989103999333,1.3221859273264795,0.0,zonia,0,False
2025-06-17 16:44:39.109569489+00:00,14,4,0,0,26.95087355172651,1.309626790388962,0.0,zonia,0,False
2025-06-17 17:32:16.918651489+00:00,14,4,0,0,26.209893906223485,1.3171353088086981,0.0,zonia,0,False
2025-06-17 17:38:33.091883489+00:00,14,4,0,0,24.935726035763576,1.3211024831128002,0.0,zonia,0,False
2025-06-17 18:02:24.207661489+00:00,14,4,0,0,24.056742408474555,1.3313692904592047,0.0,zonia,0,False
2025-06-17 18:15:18.175080489+00:00,14,4,0,0,22.666406331682396,1.3339408862656446,0.0,zonia,0,False
2025-06-17 18:34:02.306799489+00:00,14,4,0,0,22.291141555560873,1.3331687084236665,0.0,zonia,0,False
2025-06-17 18:51:27.867159489+00:00,14,4,0,0,20.96607614344929,1.3260656004079556,0.0,zonia,0,False
2025-06-17 19:57:30.565855489+00:00,14,4,0,0,19.100482203905564,1.3160741073505564,0.0,zonia,0,False
2025-06-17 19:58:09.117395489+00:00,14,4,0,0,18.539430622681248,1.3076707173118465,0.0,zonia,0,False
2025-06-17 20:05:17.150443489+00:00,14,4,0,0,19.767915977759248,1.302527884573652,0.0,zonia,0,False
2025-06-17 20:21:32.744187489+00:00,14,4,0,0,18.442038985780798,1.3056767676021968,0.0,zonia,0,False
2025-06-17 20:42:18.231868489+00:00,14,4,0,0,17.950576805437425,1.309598553264471,0.0,zonia,0,False
2025-06-17 21:09:13.842912489+00:00,14,4,0,0,17.841151941533905,1.3175738380816209,0.0,zonia,0,False
2025-06-17 21:48:26.973750489+00:00,14,4,0,0,17.18847595969657,1.3325342621547325,0.0,zonia,0,False
2025-06-17 21:50:24.789359489+00:00,14,4,0,0,16.675339429314292,1.3359336899402408,0.0,zonia,0,False
2025-06-17 21:57:37.665823489+00:00,14,4,0,0,16.84266625058667,1.3475881175901159,0.0,zonia,0,False
2025-06-17 22:46:15.911064489+00:00,14,4,0,0,16.67379862102742,1.3521521025955383,0.0,zonia,0,False
2025-06-17 22:56:24.602590489+00:00,14,4,0,0,16.703869633833875,1.3583183977065376,0.0,zonia,0,False
2025-06-17 23:24:29.741325489+00:00,14,4,0,0,16.31321432035526,1.3646661606648385,0.0,zonia,0,False
2025-06-17 23:27:28.617817489+00:00,14,4,0,0,16.487140382997193,1.3677757542727946,0.0,zonia,0,False
2025-06-17 23:32:10.320457489+00:00,14,4,0,0,16.56936578866146,1.37058347612915,0.0,zonia,0,False
2025-06-17 23:33:45.329045489+00:00,14,4,0,0,16.430926131429896,1.3738494757365625,0.0,zonia,0,False
2025-06-18 00:21:59.541528489+00:00,14,4,0,0,15.95547507919257,1.3775650656727727,0.0,zonia,0,False
2025-06-18 00:28:42.965068489+00:00,14,4,0,0,15.752597047572218,1.3814621773720162,0.0,zonia,0,False
2025-06-18 01:02:29.586362489+00:00,14,4,0,0,15.339362925795356,1.3831205591520552,0.0,zonia,0,False
2025-06-18 01:15:20.202262489+00:00,14,4,0,0,15.39373481429346,1.3830178024014381,0.0,zonia,0,False
2025-06-18 01:20:09.187921489+00:00,14,4,0,0,15.384135979792436,1.3839434101394086,0.0,zonia,0,False
2025-06-18 01:29:44.288360489+00:00,14,4,0,0,15.353657340901767,1.3856461576411159,0.0,zonia,0,False
2025-06-18 01:34:30.553481489+00:00,14,4,0,0,15.260252995386368,1.3866936244722683,0.0,zonia,0,False
2025-06-18 01:37:21.183512489+00:00,14,4,0,0,15.239511328622038,1.386968425328307,0.0,zonia,0,False
2025-06-18 02:39:01.886615489+00:00,14,4,0,0,14.979174454751643,1.3877392644426856,0.0,zonia,0,False
2025-06-18 02:54:57.377986489+00:00,14,4,0,0,14.706574826617818,1.3876178656465856,0.0,zonia,0,False
2025-06-18 03:01:33.019967489+00:00,14,4,0,0,14.832145588907894,1.3876985819237493,0.0,zonia,0,False
2025-06-18 03:20:35.997703489+00:00,14,4,0,0,14.444052854675258,1.3891265274411653,0.0,zonia,0,False
2025-06-18 03:39:55.852791489+00:00,14,4,0,0,14.677384844757043,1.3900210410362575,0.0,zonia,0,False
2025-06-18 03:47:17.584166489+00:00,14,4,0,0,14.528245716243816,1.3902089822799315,0.0,zonia,0,False
2025-06-18 03:53:54.358038489+00:00,14,4,0,0,14.636801744800692,1.3915205446322836,0.0,zonia,0,False
2025-06-18 04:09:59.619869489+00:00,14,4,0,0,15.061618211862891,1.3903129111573054,0.0,zonia,0,False
2025-06-18 04:18:36.097436489+00:00,14,4,0,0,15.171985404199892,1.3909558790327865,0.0,zonia,0,False
2025-06-18 04:31:47.452386489+00:00,14,4,0,0,15.686075104442999,1.3857899475295943,0.0,zonia,0,False
2025-06-18 04:42:13.831479489+00:00,14,4,0,0,16.236982938462926,1.3862028430244928,0.0,zonia,0,False
2025-06-18 04:53:52.518349489+00:00,14,4,0,0,17.042675292323676,1.3883372067048638,0.0,zonia,0,False
2025-06-18 05:01:54.613647489+00:00,14,4,0,0,17.379922002662287,1.3880243053334638,0.0,zonia,0,False
2025-06-18 05:14:14.765493489+00:00,14,4,0,0,18.413316001189216,1.3649592908472452,0.0,zonia,0,False
2025-06-18 05:14:15.055566489+00:00,14,4,0,0,18.16743138006885,1.3583232527457683,0.0,zonia,0,False
2025-06-18 05:24:58.494845489+00:00,14,4,0,0,18.713276647002086,1.3568479936090436,0.0,zonia,0,False
2025-06-18 06:17:57.268759489+00:00,14,4,0,0,21.72969439603739,1.3400414554187943,0.0,zonia,0,False
2025-06-18 06:26:52.436121489+00:00,14,4,0,0,21.67981881341079,1.338516342017612,0.0,zonia,0,False
2025-06-18 06:35:05.892841489+00:00,14,4,0,0,21.93888186838582,1.3137767124143065,0.0,zonia,0,False
2025-06-18 06:35:22.904763489+00:00,14,4,0,0,23.111908557933447,1.2876272452983242,0.0,zonia,0,False
2025-06-18 06:40:55.671634489+00:00,14,4,0,0,22.001209087830333,1.2807098513177373,0.0,zonia,0,False
2025-06-18 06:50:13.227778489+00:00,14,4,0,0,22.416454643894347,1.2846544521187218,0.0,zonia,0,False
2025-06-18 07:08:38.174909489+00:00,14,4,0,0,23.050146706351264,1.2880906363905171,0.0,zonia,0,False
2025-06-18 07:17:29.529222489+00:00,14,4,0,0,23.04427085748709,1.2851003035114634,0.0,zonia,0,False
2025-06-18 07:20:25.199057489+00:00,14,4,0,0,23.0974284131318,1.3016377117196913,0.0,zonia,0,False
2025-06-18 07:22:56.653718489+00:00,14,4,0,0,23.72730630498757,1.2930246921899682,0.0,zonia,0,False
2025-06-18 07:29:49.660674489+00:00,14,4,0,0,23.348750040846287,1.297193675317771,0.0,zonia,0,False
2025-06-18 07:31:37.303389489+00:00,14,4,0,0,23.59094326512151,1.2901738165497834,0.0,zonia,0,False
2025-06-18 07:33:19.065014489+00:00,14,4,0,0,23.471396744936392,1.289620366180636,0.0,zonia,0,False
2025-06-18 07:34:34.703921489+00:00,14,4,0,0,23.554246964861836,1.2877907686408236,0.0,zonia,0,False
2025-06-18 07:44:02.447760489+00:00,14,4,0,0,24.28623156950375,1.2825944074714883,0.0,zonia,0,False
2025-06-18 07:58:10.473444489+00:00,14,4,0,0,25.412823958678022,1.2822073062151929,0.0,zonia,0,False
2025-06-18 08:20:40.723296489+00:00,14,4,0,0,24.989867457315334,1.2844217511362486,0.0,zonia,0,False
2025-06-18 08:22:07.087439489+00:00,14,4,0,0,24.939999956758857,1.2856303533110842,0.0,zonia,0,False
2025-06-18 08:39:00.896108489+00:00,14,4,0,0,25.654905242051306,1.2863478833040347,0.0,zonia,0,False
2025-06-18 08:42:08.320585489+00:00,14,4,0,0,25.75232068053128,1.2922689610326556,0.0,zonia,0,False
2025-06-18 08:52:40.291925489+00:00,14,4,0,0,26.45525296696975,1.2999769258489993,0.0,zonia,0,False
2025-06-18 08:59:32.087666489+00:00,14,4,0,0,26.32261943991328,1.2998185424473878,0.0,zonia,0,False
2025-06-18 08:59:53.775677489+00:00,14,4,0,0,26.323849145514828,1.302066254040445,0.0,zonia,0,False
2025-06-18 09:33:58.008979489+00:00,14,4,0,0,27.081019160626727,1.305020300774321,0.0,zonia,0,False
2025-06-18 09:40:52.965043489+00:00,14,4,0,0,27.170822525825724,1.3130686001876584,0.0,zonia,0,False
2025-06-18 09:46:29.719753489+00:00,14,4,0,0,27.42217478172112,1.312213421334501,0.0,zonia,0,False
2025-06-18 09:49:49.990854489+00:00,14,4,0,0,27.40726506518061,1.3116179156186138,0.0,zonia,0,False
2025-06-18 10:03:39.824673489+00:00,14,4,0,0,27.672032028035712,1.312302761593596,0.0,zonia,0,False
2025-06-18 10:03:54.948074489+00:00,14,4,0,0,27.53587372172794,1.3109901895870348,0.0,zonia,0,False
2025-06-18 10:58:30.514641489+00:00,14,4,0,0,28.553703321501168,1.3135023789108076,0.0,zonia,0,False
2025-06-18 11:11:45.240913489+00:00,14,4,0,0,28.926484107680412,1.3457563806656938,0.0,zonia,0,False
2025-06-18 11:20:15.600665489+00:00,14,4,0,0,28.95000812467222,1.3510321801763872,0.0,zonia,0,False
2025-06-18 11:22:59.496304489+00:00,14,4,0,0,28.78345317401239,1.3522784986761756,0.0,zonia,0,False
2025-06-18 12:02:32.938834489+00:00,14,4,0,0,29.128143695760706,1.3532245061698007,0.0,zonia,0,False
2025-06-18 12:08:13.942038489+00:00,14,4,0,0,29.571231731658607,1.363079064023835,0.0,zonia,0,False
2025-06-18 12:24:49.658275489+00:00,14,4,0,0,29.720311459276438,1.3749016013293025,0.0,zonia,0,False
2025-06-18 12:36:19.427384489+00:00,14,4,0,0,30.104918905267205,1.377128842548619,0.0,zonia,0,False
2025-06-18 12:37:50.329150489+00:00,14,4,0,0,29.8764420271201,1.3789540002690404,0.0,zonia,0,False
2025-06-18 13:25:59.739801489+00:00,14,4,0,0,30.348387808413435,1.3699125420228095,0.0,zonia,0,False
2025-06-18 13:56:17.816269489+00:00,14,4,0,0,30.301644450615406,1.3121705449168144,0.0,zonia,0,False
2025-06-18 14:03:37.694753489+00:00,14,4,0,0,30.75314887233274,1.3100733678318828,0.0,zonia,0,False
2025-06-18 14:15:32.585863489+00:00,14,4,0,0,31.05297480755024,1.2783004751330802,0.0,zonia,0,False
2025-06-18 14:18:33.154134489+00:00,14,4,0,0,30.996289947404584,1.2754558513264276,0.0,zonia,0,False
2025-06-18 14:27:45.921433489+00:00,14,4,0,0,31.05043253151171,1.2370800522124514,0.0,zonia,0,False
2025-06-18 14:28:48.832893489+00:00,14,4,0,0,31.253743932096604,1.228429279186769,0.0,zonia,0,False
2025-06-18 14:29:43.985739489+00:00,14,4,0,0,31.130381267900315,1.2158099540199756,0.0,zonia,0,False
2025-06-18 14:48:59.777347489+00:00,14,4,0,0,31.25262685293612,1.2177549423301235,0.0,zonia,0,False
2025-06-18 15:16:01.685491489+00:00,14,4,0,0,30.899077326684605,1.2239300703611486,0.0,zonia,0,False
2025-06-18 15:18:03.472880489+00:00,14,4,0,0,30.97685479358642,1.23866067479196,0.0,zonia,0,False
2025-06-18 15:42:35.829416489+00:00,14,4,0,0,30.575787972707893,1.244530995790832,0.0,zonia,0,False
2025-06-18 16:08:59.342471489+00:00,14,4,0,0,30.492598106382435,1.2530844749851497,0.0,zonia,0,False
2025-06-18 16:20:39.650575489+00:00,14,4,0,0,30.082692729822654,1.2520073447634914,0.0,zonia,0,False
2025-06-18 16:40:39.076153489+00:00,14,4,0,0,29.628347402589778,1.2525628989286353,0.0,zonia,0,False
2025-06-18 17:06:43.014355489+00:00,14,4,0,0,29.886366250742824,1.2505393334696953,0.0,zonia,0,False
2025-06-18 17:08:55.355676489+00:00,14,4,0,0,30.05479936600887,1.2506312439362341,0.0,zonia,0,False
2025-06-18 17:09:12.599807489+00:00,14,4,0,0,29.813983094009338,1.2517285607517807,0.0,zonia,0,False
2025-06-18 17:18:01.035649489+00:00,14,4,0,0,29.552978027908342,1.2523097422542246,0.0,zonia,0,False
2025-06-18 17:39:42.297437489+00:00,14,4,0,0,29.45321068706487,1.2447080635483765,0.0,zonia,0,False
2025-06-18 18:17:57.128529489+00:00,14,4,0,0,27.983352825388977,1.2486652743162687,0.0,zonia,0,False
2025-06-18 18:24:45.800064489+00:00,14,4,0,0,27.727069873704494,1.2477196971565667,0.0,zonia,0,False
2025-06-18 18:26:21.512936489+00:00,14,4,0,0,27.4837384597606,1.2519961817314944,0.0,zonia,0,False
2025-06-18 18:42:31.180096489+00:00,14,4,0,0,26.5169234557435,1.2607147014908628,0.0,zonia,0,False
2025-06-18 18:46:53.628718489+00:00,14,4,0,0,26.22148363310755,1.257792069216173,0.0,zonia,0,False
2025-06-18 18:50:48.418071489+00:00,14,4,0,0,26.224503880608914,1.267967393262197,0.0,zonia,0,False
2025-06-18 19:06:24.661268489+00:00,14,4,0,0,24.55378029622792,1.263395701204662,0.0,zonia,0,False
2025-06-18 19:23:04.892710489+00:00,14,4,0,0,24.18274807723054,1.3051787577432985,0.0,zonia,0,False
2025-06-18 19:35:53.265625489+00:00,14,4,0,0,23.639773665176158,1.3279147817986705,0.0,zonia,0,False
2025-06-18 20:02:08.310181489+00:00,14,4,0,0,22.26260364367829,1.3356931910644116,0.0,zonia,0,False
2025-06-18 20:16:53.952144489+00:00,14,4,0,0,21.99836274477877,1.346016161704741,0.0,zonia,0,False
2025-06-18 20:25:39.723001489+00:00,14,4,0,0,21.908001240854706,1.3450637441620599,0.0,zonia,0,False
2025-06-18 20:34:10.836916489+00:00,14,4,0,0,21.98233176667746,1.3447057557225048,0.0,zonia,0,False
2025-06-18 21:13:37.186896489+00:00,14,4,0,0,20.65496374509415,1.336362655915771,0.0,zonia,0,False
2025-06-18 21:35:43.073443489+00:00,14,4,0,0,19.935296142477508,1.3503296896967703,0.0,zonia,0,False
2025-06-18 21:37:50.357417489+00:00,14,4,0,0,20.61365641527788,1.3467399380220562,0.0,zonia,0,False
2025-06-18 22:03:55.361029489+00:00,14,4,0,0,19.01418652893293,1.3509487581210498,0.0,zonia,0,False
2025-06-18 22:07:38.698904489+00:00,14,4,0,0,19.668303496612175,1.3566990457626658,0.0,zonia,0,False
2025-06-18 22:09:48.988247489+00:00,14,4,0,0,19.122488728908326,1.3581823779621351,0.0,zonia,0,False
2025-06-18 22:41:46.307104489+00:00,14,4,0,0,18.74628904018464,1.3570656881605438,0.0,zonia,0,False
2025-06-18 22:45:22.333587489+00:00,14,4,0,0,19.08666432228598,1.3609370898070288,0.0,zonia,0,False
2025-06-18 22:48:17.200282489+00:00,14,4,0,0,18.602149016246372,1.362712766102686,0.0,zonia,0,False
2025-06-18 22:56:53.793497489+00:00,14,4,0,0,18.78906142370486,1.3650397665397593,0.0,zonia,0,False
2025-06-18 23:03:10.352312489+00:00,14,4,0,0,18.885491079894745,1.36891638679702,0.0,zonia,0,False
2025-06-18 23:18:58.348673489+00:00,14,4,0,0,18.41121726180044,1.371039027855576,0.0,zonia,0,False
2025-06-18 23:24:20.693742489+00:00,14,4,0,0,18.484828932421262,1.3748839556941692,0.0,zonia,0,False
2025-06-18 23:51:49.346131489+00:00,14,4,0,0,18.390287773800946,1.3764000925954107,0.0,zonia,0,False
2025-06-19 00:07:32.082076489+00:00,14,4,0,0,18.117079509339227,1.3781079104162113,0.0,zonia,0,False
2025-06-19 00:09:50.593252489+00:00,14,4,0,0,18.218366195525068,1.3819469902202477,0.0,zonia,0,False
2025-06-19 00:24:19.798998489+00:00,14,4,0,0,18.020567072527236,1.3820645594966623,0.0,zonia,0,False
2025-06-19 00:24:56.412290489+00:00,14,4,0,0,18.101229755006916,1.384102445800177,0.0,zonia,0,False
2025-06-19 01:09:50.230618489+00:00,14,4,0,0,17.435121501896038,1.3861968363233539,0.0,zonia,0,False
2025-06-19 01:27:26.206015489+00:00,14,4,0,0,17.46111711244708,1.3840625802293176,0.0,zonia,0,False
2025-06-19 01:28:47.997086489+00:00,14,4,0,0,17.376035665282938,1.3850023518232137,0.0,zonia,0,False
2025-06-19 01:34:04.645444489+00:00,14,4,0,0,17.157969156361332,1.3857045204837775,0.0,zonia,0,False
2025-06-19 01:53:03.748808489+00:00,14,4,0,0,16.94659017525601,1.3834972555778742,0.0,zonia,0,False
2025-06-19 02:25:14.634585489+00:00,14,4,0,0,17.047021084371885,1.3828682716005816,0.0,zonia,0,False
2025-06-19 02:53:14.573561489+00:00,14,4,0,0,16.594215153884004,1.38583313787939,0.0,zonia,0,False
2025-06-19 03:08:05.490586489+00:00,14,4,0,0,16.58244727094479,1.3858480554141834,0.0,zonia,0,False
2025-06-19 03:10:32.734059489+00:00,14,4,0,0,16.692453977988443,1.3855103151084012,0.0,zonia,0,False
2025-06-19 03:17:52.684496489+00:00,14,4,0,0,16.826227301687233,1.3861789788872882,0.0,zonia,0,False
2025-06-19 03:20:10.479482489+00:00,14,4,0,0,16.545598949330618,1.3858778884377638,0.0,zonia,0,False
2025-06-19 03:28:02.531543489+00:00,14,4,0,0,16.854571482035386,1.3864934179370434,0.0,zonia,0,False
2025-06-19 03:33:04.847003489+00:00,14,4,0,0,16.383504199471908,1.3851301676872945,0.0,zonia,0,False
2025-06-19 03:34:35.767277489+00:00,14,4,0,0,16.77921486709647,1.3834404131066478,0.0,zonia,0,False
2025-06-19 04:09:59.263795489+00:00,14,4,0,0,16.98757308680224,1.3852275161835252,0.0,zonia,0,False
2025-06-19 04:53:53.492349489+00:00,14,4,0,0,19.827360131802862,1.3758151952056443,0.0,zonia,0,False
2025-06-19 05:05:20.835419489+00:00,14,4,0,0,20.816327976869967,1.3656122827433292,0.0,zonia,0,False
2025-06-19 05:10:57.562569489+00:00,14,4,0,0,21.086076410363823,1.3305871217118748,0.0,zonia,0,False
2025-06-19 05:39:12.446836489+00:00,14,4,0,0,22.109966175781818,1.3047337267838188,0.0,zonia,0,False
2025-06-19 05:41:47.977961489+00:00,14,4,0,0,22.203170934915224,1.3053448382054456,0.0,zonia,0,False
2025-06-19 05:46:36.737619489+00:00,14,4,0,0,22.65830031782546,1.2987050566638032,0.0,zonia,0,False
2025-06-19 05:58:24.136722489+00:00,14,4,0,0,23.324772592458455,1.2983463927444172,0.0,zonia,0,False
2025-06-19 06:09:07.946879489+00:00,14,4,0,0,24.070208079691696,1.233641667116403,0.0,zonia,0,False
2025-06-19 06:11:33.092489489+00:00,14,4,0,0,23.681797853121818,1.2238026210051438,0.0,zonia,0,False
2025-06-19 06:52:15.754282489+00:00,14,4,0,0,25.690904327940796,1.2480659271742771,0.0,zonia,0,False
2025-06-19 07:01:22.348078489+00:00,14,4,0,0,26.145676332329046,1.2615893788007884,0.0,zonia,0,False
2025-06-19 07:19:29.030745489+00:00,14,4,0,0,26.757905930925197,1.2700314119514944,0.0,zonia,0,False
2025-06-19 07:26:13.273080489+00:00,14,4,0,0,26.819083383749426,1.283779932356151,0.0,zonia,0,False
2025-06-19 07:33:32.459143489+00:00,14,4,0,0,27.381640247959886,1.281406165643665,0.0,zonia,0,False
2025-06-19 07:58:08.602261489+00:00,14,4,0,0,28.36366888536723,1.2840177738497742,0.0,zonia,0,False
2025-06-19 07:58:11.864774489+00:00,14,4,0,0,28.28660146898123,1.291497413973632,0.0,zonia,0,False
2025-06-19 08:02:30.924517489+00:00,14,4,0,0,29.12398546377077,1.2976837641373098,0.0,zonia,0,False
2025-06-19 08:27:57.190217489+00:00,14,4,0,0,29.237348853476416,1.2958950019689754,0.0,zonia,0,False
2025-06-19 08:31:04.982042489+00:00,14,4,0,0,29.63059273545292,1.2990863440296159,0.0,zonia,0,False
2025-06-19 08:37:02.555445489+00:00,14,4,0,0,29.993817902379682,1.323717747582298,0.0,zonia,0,False
2025-06-19 08:49:57.963041489+00:00,14,4,0,0,30.24099646441302,1.3248734247541294,0.0,zonia,0,False
2025-06-19 08:54:17.002930489+00:00,14,4,0,0,30.014471275061354,1.3333876099028017,0.0,zonia,0,False
